v 12.2445 -27.4493 802.52
v 6.7865 -27.0632 802.198
v 9.40022 -29.8017 801.887
v 9.52836 -24.547 803.14
v 6.59428 -31.7749 800.438
v 4.22477 -28.9694 800.633
v 2.02168 -26.4656 800.624
v 4.19629 -24.6026 802.138
v 13.8375 -24.8495 801.283
v 6.3739 -22.3316 802.061
v 17.0775 -27.448 800.598
v 14.4449 -30.2855 801.052
v 11.0446 -21.9357 801.416
v 2.36253 -22.0145 801.289
v 4.24428 -20.6408 801.997
v 11.5031 -32.7718 800.664
v 7.53357 -19.4907 801.097
v 17.0344 -32.8564 799.087
v 20.1078 -30.15 799.323
v 18.4186 -24.7824 798.415
v 0.226744 -23.5804 799.633
v 15.1455 -22.4479 799.103
v 11.9185 -19.7306 797.975
v 14.0269 -35.1438 798.662
v 1.4095 -19.076 800.267
v 4.23415 -18.3307 800.934
v 8.61022 -34.1712 798.937
v 1.78939 -30.4775 798.594
v -1.43942 -20.4248 798.774
v 1.02096 -15.7417 798.619
v 8.26177 -16.8382 798.675
v 4.62324 -15.7176 798.746
v 22.1171 -32.5334 796.29
v 0.404413 -27.7575 797.263
v 21.6112 -27.0123 797.452
v 4.05267 -32.7334 798.014
v 19.5682 -35.6654 797.054
v 24.2726 -29.5168 795.602
v 15.6959 -22.0647 796.091
v -4.65615 -32.4817 797.236
v -3.26697 -36.0203 797.946
v 0.377179 -34.3467 798.435
v 16.1833 -37.304 795.793
v 5.6363 -35.3291 797.263
v -1.02529 -31.6632 797.554
v -1.58694 -25.4542 796.755
v 13.6781 -20.6036 795.898
v -2.38541 -16.9041 797.423
v 1.31529 -12.478 796.221
v 4.77002 -13.1117 795.876
v 10.7497 -36.4544 796.775
v 2.26118 -36.6113 796.211
v -1.23465 -37.7917 794.926
v -8.20596 -33.5141 796.002
v -2.90577 -21.977 795.873
v 8.09053 -14.2247 795.221
v -4.70483 -38.7793 793.454
v 7.51549 -37.5769 795.058
v 4.18035 -38.5074 793.456
v 24.6987 -34.9503 793.844
v 18.9794 -23.0027 795.637
v -1.88485 -13.4674 795.132
v 21.3756 -36.9019 793.353
v -10.2925 -38.0229 795.037
v -6.92953 -37.1021 796.683
v -11.4752 -34.5379 794.441
v 26.6361 -31.532 792.702
v -1.52336 -29.7521 795.39
v 18.2295 -39.1458 792.766
v -8.40046 -31.1035 793.632
v -5.02889 -30.0857 794.68
v 24.8849 -26.831 792.998
v -3.72027 -18.1438 794.8
v 10.5173 -17.6011 792.928
v 15.0008 -22.1715 793.733
v 12.1724 -20.9793 793.585
v 8.25518 -11.6122 792.085
v 5.02995 -10.1642 793.201
v 12.8564 -38.7179 794.29
v 9.52604 -39.6163 792.459
v 21.996 -24.721 794.679
v -4.26282 -14.5656 793.38
v 14.9008 -40.5039 791.344
v 0.770912 -39.6652 792.038
v -14.6588 -35.6335 792.751
v -16.6062 -40.3505 791.515
v -13.4095 -39.2898 793.245
v -2.9216 -22.3585 792.542
v -5.62782 -19.314 792.757
v -2.62385 -40.6881 790.515
v 29.7212 -33.1906 790.374
v -1.10019 -26.3989 793.815
v 25.1204 -24.5926 790.252
v -4.23338 -11.1653 791.322
v -1.4788 -10.2475 792.601
v 6.17917 -40.6627 790.853
v 23.306 -38.2367 790.088
v 26.7689 -35.9877 790.522
v -11.6217 -31.9254 792.333
v 21.6765 -23.853 791.652
v 18.1071 -23.2439 792.932
v -6.08102 -23.9556 789.948
v -14.1872 -42.1275 788.571
v -11.1834 -40.9785 790.245
v 13.9235 -23.1232 792.553
v -8.25841 -20.5774 791.015
v 11.3249 -22.1844 790.835
v -7.03236 -12.226 789.955
v -6.8561 -15.6928 791.882
v 5.40455 -7.88038 789.965
v 2.19814 -7.10785 790.465
v 1.70319 -9.79788 793.288
v -8.27698 -29.5257 790.922
v 16.9218 -23.2473 790.493
v 12.6112 -18.1738 789.635
v -0.950164 -7.18233 790.085
v 2.75982 -41.5206 789.161
v -5.92888 -41.7244 788.951
v -19.3286 -41.1221 789.171
v -16.8314 -43.3691 786.807
v -4.60496 -29.4545 791.129
v 27.9871 -26.0699 788.408
v 28.1642 -28.4775 791.484
v -9.35796 -25.1836 789.129
v -12.5413 -18.2024 788.878
v -11.2895 -21.8047 789.761
v 11.5502 -41.5616 789.679
v 8.25832 -42.9542 788.305
v -10.034 -13.3581 788.64
v -9.68347 -16.8981 790.596
v 14.1613 -14.4983 788.948
v 10.9574 -13.6026 790.41
v 8.49094 -9.08318 789.045
v -3.96054 -7.8088 789.121
v 16.927 -42.2062 788.376
v -20.6269 -43.1482 786.612
v 20.3335 -41.004 789.951
v 25.5612 -39.9676 787.225
v 31.2509 -29.9372 789.042
v -6.93587 -8.74508 787.877
v -11.4576 -29.9544 790.116
v 15.4324 -21.3493 787.586
v 16.3148 -18.763 787.43
v 17.3363 -15.6808 786.559
v 11.5648 -10.3185 787.966
v 2.84303 -4.19214 787.748
v 22.4379 -42.8682 787.163
v 4.72309 -43.4028 786.287
v 29.0009 -37.1882 787.495
v -17.4135 -37.0123 790.717
v -17.2652 -34.0445 788.831
v -19.8011 -38.3756 788.426
v -14.2647 -31.0882 788.574
v -14.8453 -32.5496 790.795
v -14.0794 -23.0647 787.896
v -12.4133 -26.3714 788.36
v 23.8738 -23.8937 787.129
v 20.1507 -24.721 788.526
v -15.688 -19.5461 787.351
v -13.1575 -14.6238 787.133
v 6.00893 -4.93741 787.373
v -19.3857 -35.5952 786.589
v 31.3174 -27.2131 786.275
v -21.9984 -40.0065 786.223
v -23.597 -41.8085 784.042
v -22.1648 -44.5465 784.482
v -16.2992 -32.378 786.653
v -6.55114 -5.19511 785.684
v 32.238 -34.6503 787.585
v -14.8473 -27.3998 786.552
v 9.11989 -5.92068 786.776
v 12.1174 -7.15521 785.709
v -22.0173 31.4089 786.161
v -20.496 32.9067 786.233
v -21.0006 35.5281 785.41
v -20.7123 -45.8606 783.418
v -22.0109 -46.4702 782.263
v -21.1256 -37.4333 784.119
v 34.3186 -31.6688 786.349
v 27.0475 -24.6945 785.301
v 22.6075 -23.8805 784.436
v -16.9522 -24.5393 786.176
v -18.5506 -21.1561 785.122
v 19.46 -19.6957 785.053
v 18.2713 -22.1041 785.092
v -13.8686 -10.9231 785.671
v -10.1292 -9.81734 786.64
v 14.9461 -11.1807 787.073
v 18.1276 -12.6025 785.153
v -19.4244 31.9853 784.036
v -21.0362 30.4057 783.99
v -14.9105 -45.1103 784.266
v -18.9002 -44.7145 784.956
v 28.1762 -41.9538 785.322
v 24.7795 -44.8361 784.75
v -23.4275 -45.9491 782.604
v 30.1945 -37.4004 783.595
v 20.5508 -16.8954 784.476
v -9.61878 -6.30507 784.275
v -2.7151 -1.14542 784.202
v -0.368931 -3.92904 787.632
v 0.400005 -0.85787 784.906
v -18.607 34.5328 783.637
v -17.4257 -46.299 782.845
v -25.0617 -43.6927 782.028
v -16.6227 -28.2684 784.114
v 18.4389 -9.75878 783.165
v 9.69701 -2.82282 784.464
v 12.4897 -4.29375 783.326
v 6.6657 -1.77594 784.979
v 3.56938 -1.15218 785.085
v 18.9664 -44.0176 785.513
v 15.4601 -45.1025 783.794
v -3.95707 -43.6005 786.054
v -2.08171 -45.4675 783.151
v -0.633327 -42.5519 787.601
v -21.3241 37.6985 783.324
v -24.017 32.7304 784.627
v -23.033 -39.3778 781.897
v -17.7698 -34.2974 784.614
v 36.2797 -33.7113 783.824
v 34.6842 -28.7895 783.91
v 22.4699 -21.0285 782.895
v 21.4023 -13.9579 783.337
v -5.84212 -1.7079 783.26
v -3.5424 -4.32139 786.911
v -19.1974 27.6962 782.827
v -13.2559 -46.9658 781.724
v -10.2966 -45.6925 783.006
v 13.5105 -43.4448 786.799
v 10.0827 -44.2837 785.04
v 33.6216 -36.1905 784.297
v -20.0685 -34.7657 781.768
v 30.5603 -25.2117 783.003
v -19.1006 -25.9348 783.606
v 7.33058 1.18429 782.311
v 4.39191 1.92224 782.392
v -13.0924 17.0729 781.1
v -15.5484 19.5203 783.938
v -17.3717 17.9168 783.607
v -17.997 22.7977 782.863
v -13.9548 22.5546 781.437
v 11.9543 -46.1098 782.074
v -24.1173 -47.4288 780.574
v -26.1914 -45.5896 779.609
v -24.7234 -41.3953 779.649
v 25.6856 -24.0324 782.509
v -16.3122 -15.9455 785.489
v -19.4956 -17.4606 783.536
v 23.507 -18.3496 782.248
v 15.6055 -4.90909 782.827
v 15.4619 -7.89408 785.129
v -14.9999 15.6163 780.35
v -17.8528 20.3907 780.502
v 22.3364 27.2883 782.934
v 22.3352 24.2801 780.852
v 25.3349 28.7308 782.862
v -16.1329 25.4109 782.729
v -18.9205 25.3039 780.564
v -22.497 41.1733 781.809
v -24.1796 35.8343 782.44
v -16.1341 -47.924 780.36
v 17.4034 -46.9805 780.893
v 21.0392 -45.8573 782.701
v 3.14115 -46.3696 781.808
v 1.28727 -44.4226 784.695
v -21.8865 -47.5344 780.716
v 35.479 -38.7037 781.676
v -8.96565 -2.5827 782.017
v -4.80974 1.54789 780.518
v 1.31984 2.18392 782.114
v -11.616 19.8901 779.402
v -21.3508 29.7919 780.285
v -23.3843 31.1567 782.443
v -18.6151 36.8426 781.749
v -19.0308 39.7039 779.77
v 24.5291 -15.5109 781.295
v 21.9135 -11.1015 781.724
v 25.2203 -12.6422 779.804
v 22.7282 30.7272 781.977
v 19.393 25.7577 781.233
v -16.7479 32.5082 781.186
v -24.862 34.3462 779.957
v 32.3947 -41.3674 781.69
v 38.5776 -36.2753 781.536
v 37.6021 -30.6537 781.551
v -16.374 -12.485 783.308
v -19.5273 -13.8031 781.378
v -16.3772 -8.97591 781.197
v -12.9103 -7.54303 782.861
v 18.4746 -7.22094 780.959
v 19.9519 29.4892 780
v -15.2596 27.7408 780.917
v 22.8996 34.3072 780.923
v 20.1464 33.3732 779.088
v -15.6875 35.2808 780.039
v 25.7818 34.5206 781.61
v 23.2455 38.4824 780.467
v 26.3765 38.1216 780.963
v -29.2127 44.3019 780.581
v -27.0033 42.4085 781.885
v -26.1611 45.4095 781.743
v -29.5802 46.0403 783.867
v -30.9287 46.8355 778.495
v -19.7371 -47.2086 781.598
v 21.8563 -8.58061 779.539
v -11.7584 -3.99011 780.28
v 2.27633 5.52014 779.544
v 17.6659 20.0519 779.372
v 19.66 22.3196 780.339
v 16.988 24.1769 779.393
v -20.1777 27.7783 778.067
v 20.4223 37.4841 778.15
v -18.1145 -29.2891 781.681
v 28.4353 -26.1013 780.187
v -22.5721 -19.314 781.195
v -21.2863 -22.8726 782.758
v -17.8796 23.1326 778.031
v 28.5643 37.6065 778.12
v -15.9 38.0057 777.839
v 28.6373 44.8038 779.632
v 24.2192 43.6209 779.189
v -28.1997 49.7237 780.909
v -8.61397 -47.4961 780.171
v -5.3828 -46.5016 781.643
v 26.899 -46.7517 781.827
v 32.4172 -47.1405 780.136
v 31.0557 -44.5919 783.277
v 34.8701 -44.3186 779.723
v 37.9065 -41.8876 780.036
v 40.8037 -39.2323 779.119
v 33.6488 -26.993 780.512
v -20.6967 -27.3054 780.527
v 21.1721 -6.83138 776.928
v 7.98999 3.87435 779.029
v 10.1688 -0.21047 781.581
v -17.334 17.685 777.286
v -14.6421 30.2535 779.083
v -17.4414 30.0049 782.467
v 25.4161 31.3458 781.871
v 26.3534 30.7175 778.158
v 27.4562 34.0651 778.127
v -25.4574 38.2401 780.132
v 20.6523 41.9035 777.138
v 13.8211 -48.1095 779.187
v 28.5771 -48.8381 778.718
v 4.95327 -48.3116 778.876
v 6.59778 -45.2817 783.372
v -26.301 -43.4274 777.316
v -21.8091 -37.6407 779.747
v 40.5021 -33.149 779.52
v -19.4719 -30.345 778.953
v -23.1879 -24.595 779.535
v -7.81711 0.853051 779.34
v -1.76068 2.03275 781.474
v -0.746911 5.26754 778.782
v 14.2366 27.0817 776.912
v 14.9545 22.7308 776.904
v -13.9164 33.0033 777.379
v -22.6223 32.5624 777.801
v 17.7326 36.1595 775.742
v 31.4402 42.3923 777.872
v -22.5421 44.1506 779.623
v -25.4655 48.6026 779.34
v -25.7004 51.7039 776.387
v -28.8923 53.0631 777.87
v -11.7811 -48.5465 778.838
v -14.9328 -49.3556 777.511
v 19.2882 -48.9006 777.931
v 22.9997 -47.8235 779.8
v -24.6172 -49.1288 778.161
v -21.7132 -49.1866 778.546
v -23.8158 -39.5497 777.32
v -25.2639 -21.2234 778.406
v -18.2047 -10.5991 778.451
v -13.5715 -6.24557 777.98
v 12.6812 -2.06976 780.561
v 10.5271 2.29874 778.377
v -13.7799 13.6482 777.262
v 22.5467 24.4183 775.694
v 15.2554 18.3901 777.753
v 25.6603 26.3628 778.004
v -12.8614 25.2797 779.356
v -24.4601 37.2036 778.094
v -22.3188 47.3173 777.354
v -18.9233 -49.1621 779.43
v -3.65139 -48.3393 778.704
v 40.0694 -44.626 777.541
v 26.712 -17.4279 778.239
v 27.6087 -21.9924 776.659
v 29.2197 -19.5574 775.702
v -22.7459 -15.362 779.023
v -11.6742 14.6994 778.175
v -10.0425 17.2443 776.889
v -22.1672 50.5704 774.982
v 36.816 -46.8761 777.086
v 43.3518 -42.1437 777.1
v 37.7612 -28.2272 778.14
v 31.4485 -26.0481 776.871
v 24.7494 -22.2931 780.414
v 24.7272 -7.62812 775.275
v 25.3686 -9.90778 777.793
v -6.61026 4.33459 776.774
v 12.5926 -0.191814 777.492
v -14.8528 15.6424 775.161
v 20.8709 21.3574 775.95
v 12.0154 25.3517 774.141
v -26.8426 40.7631 778.983
v 1.48769 -49.2472 777.256
v -27.4635 -47.445 776.979
v 43.0437 -36.3573 777.13
v -22.0168 -33.8265 776.12
v 25.9045 -24.3273 777.565
v 15.1083 -3.91642 779.54
v 0.365307 8.26007 775.817
v -18.0854 26.0757 775.669
v -20.7063 30.8575 775.617
v 17.5035 32.1416 776.983
v 14.9278 30.8249 774.84
v -32.6308 52.2135 776.918
v 30.0888 -50.8153 775.554
v 24.7709 -49.8189 776.767
v 33.741 -49.2867 776.937
v -24.114 -36.2329 774.309
v -20.0578 -27.2438 776.922
v 28.6598 -11.5657 775.383
v 27.9706 -14.5643 777.127
v -3.71116 4.81978 777.82
v -2.52419 7.86878 774.946
v 5.36743 5.0582 779.543
v 3.38356 8.39675 776.376
v 12.7142 21.1722 774.372
v -23.0165 35.7718 775.728
v -25.0983 40.2881 776.318
v -29.4401 55.8433 774.837
v 21.077 -50.9721 774.975
v 6.74159 -50.2504 775.896
v 8.44403 -47.2033 780.446
v 42.1999 -47.5743 775.914
v -27.5199 -45.2312 774.788
v -24.8802 -42.1364 774.777
v 40.0548 -31.5258 775.798
v 30.005 -26.5325 775.746
v -25.7726 -16.9225 776.235
v 30.6255 -16.8457 774.404
v -10.7781 -0.0281661 777.914
v -10.4018 22.8069 777.539
v -18.0756 -50.4772 776.641
v 38.5499 -49.8358 775.39
v -15.7046 -7.39175 775.367
v 19.7792 -6.27875 774.228
v 17.8276 -5.77667 778.213
v 6.15607 7.53401 776.012
v -9.68888 25.3561 775.25
v 27.0395 34.7866 774.693
v 15.096 34.8377 773.428
v 14.616 39.0112 772.537
v -19.3227 45.76 775.175
v -19.1786 42.7156 777.605
v -16.1434 40.9834 775.497
v -28.2166 43.4219 777.154
v -29.7499 46.3159 775.14
v 30.5658 45.3168 774.872
v 31.8228 48.5276 774.598
v 29.188 48.453 777.719
v 29.3262 51.6564 776.238
v 25.1252 47.1589 776.612
v -13.6634 -51.4474 774.816
v 35.0974 -51.5449 774.221
v 44.163 -39.7561 774.433
v 29.1139 -23.9547 773.549
v 16.8681 -4.89859 775.524
v -9.39494 3.94937 775.756
v 10.2961 4.23222 774.525
v 8.18036 6.09986 775.171
v -12.8953 11.1575 775.043
v -8.72278 14.4961 774.461
v -8.99049 19.9901 774.841
v 12.278 29.547 772.712
v 28.8782 38.1684 774.416
v -26.583 42.7933 774.14
v -19.3464 48.9983 772.768
v 32.5497 51.4536 773.991
v 35.1114 53.3949 774.871
v 30.2236 54.8816 774.714
v 34.9799 -28.691 775.161
v 14.2725 -2.95293 776.53
v 12.9086 16.9364 774.825
v -18.5022 28.9619 773.346
v 12.5157 33.538 771.178
v -12.9151 35.8984 775.889
v -13.2743 39.0389 773.376
v 30.7436 42.1894 774.353
v 40.17 -52.4175 772.544
v -24.9417 -51.2485 775.626
v -27.9973 -49.8315 774.388
v 44.646 -44.6616 774.294
v -25.9492 -38.5076 772.597
v -23.8134 -25.3456 775.772
v -21.6498 -11.5945 776.3
v 4.35413 10.3788 772.675
v -16.9333 23.6148 773.234
v -17.2782 20.6333 775.273
v 25.4819 31.4289 774.845
v -20.8868 34.2422 773.424
v -23.116 39.2538 774.043
v -16.3898 44.0488 773.026
v -23.3945 53.1515 771.396
v -26.3663 54.542 773.246
v 25.6854 50.6813 774.53
v -32.7533 55.4395 774.745
v 33.8911 56.934 770.844
v 15.6574 -50.0509 776.202
v 17.4472 -52.1163 773.233
v 12.0714 -51.1585 774.521
v 10.2696 -49.1666 777.503
v 42.2431 -35.0915 773.205
v 30.2899 -21.5896 772.183
v -12.3912 -1.5836 775.696
v 17.7822 15.1801 775.544
v 14.3337 12.6545 773.333
v 10.5869 15.2317 772.487
v 19.3952 18.3923 776.04
v 18.4473 18.9052 772.082
v -10.38 37.1448 771.316
v 22.3166 49.2281 772.271
v 31.3537 59.3278 770.747
v -21.357 -50.5854 775.701
v -1.95534 -50.2547 775.747
v 3.23031 -51.2616 774.308
v -10.3192 -50.3901 775.968
v -12.3372 -53.1735 771.721
v -28.5445 -47.1844 772.219
v -27.4456 -42.9413 772.601
v 32.8946 -29.1988 773.62
v -22.7999 -30.5338 773.68
v -25.5611 -27.2839 772.123
v -17.8177 -9.43541 772.314
v 11.9418 0.955248 773.996
v -8.89857 8.53729 774.278
v -10.5301 11.5981 776.339
v -11.1895 7.72276 773.362
v 1.60175 10.857 772.631
v -7.55573 22.5723 772.909
v -27.5867 46.265 772.369
v 21.6772 45.5496 774.541
v -8.839 -52.2217 772.952
v 8.50894 -52.2174 772.877
v 43.7145 -50.0621 772.906
v -27.6781 -29.422 769.795
v -25.3174 -32.823 771.94
v 37.7543 -31.4055 772.125
v -26.3136 -22.0597 774.541
v 15.2622 -4.89082 773.147
v 6.65363 9.43958 772.21
v -13.4 12.6302 772.837
v -15.4107 18.158 773.011
v 10.7738 19.6106 771.809
v 19.7037 22.1498 772.16
v -11.5998 30.6428 775.148
v -8.90398 28.0388 773.103
v -10.8397 33.7277 773.324
v -16.6148 47.1869 770.495
v -31.2796 50.2926 773.332
v 25.8733 54.7816 773.167
v 36.5683 -53.7969 771.221
v -0.269353 -52.2785 772.791
v 45.4202 -46.8638 771.59
v -27.6156 -40.5385 770.604
v 43.1778 -38.6566 771.295
v -7.86673 11.9503 771.666
v 11.517 8.38173 771.196
v 10.236 10.7063 772.59
v -14.1854 15.2848 770.693
v 20.986 25.5252 772.16
v 24.9584 27.714 774.736
v 23.1973 28.5909 771.411
v -21.3145 37.6546 771.389
v -13.7547 42.0568 770.727
v 18.2731 44.1834 772.541
v 15.171 42.9632 770.355
v 17.294 40.3929 775.093
v 18.9981 47.7903 770.127
v 34.013 52.1402 770.414
v -29.7509 58.2795 771.841
v -32.457 58.3911 772.064
v 39.3644 -35.2834 770.491
v 34.7281 -32.3054 770.69
v 31.6159 -27.4848 770.689
v 18.028 -6.2282 771.962
v -1.31316 10.8012 772.109
v -7.62986 17.3542 772.193
v -15.1262 21.1937 771.012
v 10.2559 23.9187 771.359
v 8.87203 22.3588 768.585
v 24.7209 32.3594 771.321
v 10.1652 32.249 768.871
v 9.76207 28.4147 770.59
v 25.7657 35.8376 771.387
v 27.3414 39.3509 771.234
v 12.5663 41.5917 767.907
v 12.2094 37.6454 769.989
v -24.3146 42.0946 771.499
v 30.1882 46.1717 771.125
v -32.7894 53.2019 771.411
v 31.5703 -52.7927 772.501
v 26.4242 -51.8941 773.747
v 22.8005 -53.0375 771.965
v -28.0404 -52.1309 771.195
v -24.3701 -53.0312 772.282
v 45.6023 -42.0046 771.691
v -25.2986 -35.2677 768.876
v -4.20473 10.4361 771.198
v -16.2264 26.6672 771.198
v -8.55406 31.2112 770.876
v -7.4922 34.7212 769.265
v -29.5171 49.6555 770.021
v 32.0637 49.1841 770.788
v 22.6299 53.0923 770.186
v 41.5746 -54.6446 769.598
v 33.1119 -25.0767 769.981
v -28.1061 -18.4733 772.676
v 31.3078 -13.9289 772.474
v -21.6214 -10.0752 769.528
v -25.0177 -13.0351 773.368
v 5.92367 12.1726 769.004
v 17.8011 15.4333 771.501
v 8.93854 18.0574 769.536
v -5.69453 24.9777 771.201
v -18.3747 32.7785 771.06
v 29.179 42.9567 771.02
v 33.6916 58.1753 767.194
v 32.0689 61.0581 767.01
v -27.0084 57.3281 770.276
v -31.7331 60.9513 770.525
v 28.0324 -54.2214 770.914
v 44.3396 -51.6594 769.368
v 40.6473 -38.9881 768.936
v 36.6282 -35.9733 768.117
v 21.4042 -7.32945 770.367
v 15.4144 -4.02865 770.594
v -11.1017 2.84788 773.97
v 8.74162 13.5982 770.393
v -21.8618 41.1755 769.278
v 33.4025 53.6899 766.99
v -34.3977 55.6426 769.565
v -33.1983 59.9521 769.783
v -28.847 -44.6688 770.328
v -28.4091 -32.1542 765.948
v 31.5413 -31.8674 765.906
v -28.547 -23.7096 771.397
v -30.1124 -25.7775 767.837
v 32.1859 -19.3793 770.924
v 21.0406 2.95307 769.332
v 16.6918 3.31238 769.583
v 17.9784 -0.662527 769.885
v -2.89747 12.9819 768.442
v 0.125201 13.3536 769.092
v 3.1777 13.0293 769.166
v -6.8411 14.7965 769.25
v -15.0564 24.353 768.814
v -10.8258 40.2254 768.646
v -24.9568 45.8395 769.72
v -30.247 53.4184 768.386
v -30.3689 60.631 769.091
v -32.4562 63.6462 770.131
v 19.202 -54.1107 770.157
v -29.6531 -42.2462 768.815
v 44.1676 -41.8311 769.359
v -28.3177 -14.4212 769.853
v 31.3061 -11.1311 770.2
v 28.2301 -9.04227 772.971
v 15.9973 -5.85237 769.744
v 13.805 -2.11103 773.707
v 12.5273 2.37414 770.748
v -14.2613 18.4257 768.537
v -16.9351 29.936 768.731
v 25.5614 40.387 768.095
v -20.785 55.1022 766.83
v -20.0094 51.9543 769.797
v 24.4967 -55.2521 769.037
v -3.77293 -53.3061 771.351
v 1.41802 -54.263 769.746
v 4.95979 -53.2824 771.306
v 46.2293 -44.4681 769.907
v 38.3182 -39.3524 766.182
v 33.139 -16.6259 768.875
v 21.2814 -1.18943 767.258
v 14.9377 -1.10504 771.234
v 15.2516 8.72823 770.702
v 7.53113 16.6428 767.237
v 18.1108 22.9863 768.686
v 19.4729 26.3952 768.609
v 9.97305 40.5029 765.594
v 9.91235 36.4229 767.514
v 13.8466 -53.1915 771.507
v -2.13015 -55.2716 768.27
v 45.7612 -48.2935 768.534
v 41.9143 -42.2711 767.186
v -26.2647 -38.5147 767.066
v 34.3017 -28.6646 766.491
v 16.7475 19.6932 768.685
v -5.14019 22.9051 767.921
v 21.2157 29.5712 768.249
v 21.9952 33.5412 768.744
v 23.8806 36.8589 768.318
v -16.649 50.4775 768.073
v 31.5727 50.3092 767.18
v 26.8516 58.2358 769.461
v 27.7456 60.7251 765.932
v -23.8504 -55.4879 769.049
v -19.7466 -54.6839 769.64
v -20.6391 -52.6009 772.832
v 19.3952 -5.30371 767.34
v 18.5863 -3.60308 768.534
v 19.6334 8.38838 769.87
v 24.2795 6.66496 767.243
v 19.7373 11.7495 767.501
v -5.39702 17.6572 767.152
v -6.69421 20.1124 769.919
v 6.97194 20.8173 766.436
v -19.3117 35.9762 768.852
v -11.4068 43.3075 765.87
v -13.9467 45.3016 768.218
v -31.8655 56.3335 766.271
v -34.6383 58.1507 766.883
v -29.5173 -49.0277 769.3
v 45.3976 -44.7818 767.622
v -30.0208 -46.3629 768.003
v 39.0512 -43.9186 766.094
v 21.5619 -4.34083 765.745
v -13.273 -3.21099 772.727
v -12.4839 1.79785 771.382
v 23.7463 10.9511 765.649
v -19.6837 39.5736 766.787
v 28.6331 47.4266 767.818
v -26.9196 48.9426 767.231
v 33.2501 59.0086 764.309
v -27.9979 60.0796 767.359
v -15.9476 -53.9437 770.57
v -18.5454 -56.8833 766.237
v -14.6169 -56.0478 767.372
v 42.2155 -55.5973 765.523
v 37.9068 -55.8271 768.219
v -5.70529 -56.2667 766.841
v -7.31053 -54.1218 769.852
v -27.9353 -54.3038 767.588
v -30.8647 -44.193 766.62
v -24.8663 -34.8245 762.746
v 36.0433 -26.095 764.862
v -30.3302 -20.1804 769.247
v 23.2845 -6.48653 772.511
v 26.6648 -7.38083 770.244
v -12.714 7.8204 770.602
v -1.57205 15.41 765.716
v -13.3803 15.7236 766.211
v -13.3251 12.1218 768.301
v 16.253 16.0163 768.29
v -22.2628 45.3143 767.388
v 27.2643 43.9493 767.889
v -13.5263 48.9112 766.072
v -27.9408 52.9763 765.451
v 18.8703 51.7033 768.43
v 15.852 50.3034 765.944
v -17.6974 53.4989 764.836
v -29.1844 -50.3281 765.571
v 43.3595 -45.3811 765.864
v -31.3841 -27.9136 763.991
v 34.2512 -13.3011 767.192
v 24.5117 -6.70092 767.772
v -13.4432 -0.140631 768.334
v -13.9912 -5.32813 768.841
v 5.11049 15.9405 766.072
v 1.56822 15.5698 765.851
v -16.7822 33.8705 766.572
v -5.94982 28.503 768.543
v -5.67594 32.2543 766.395
v 16.0302 46.4044 767.744
v 13.038 45.2553 765.546
v 29.3371 51.6043 764.387
v 23.1355 56.6987 767.329
v 19.5642 55.2759 765.29
v -22.0778 57.7965 763.507
v -25.0467 59.3149 765.549
v -23.958 56.3545 768.612
v 26.2252 -57.447 766.094
v 44.9643 -52.4228 765.33
v -28.1686 -40.3917 764.779
v 36.3205 -39.9072 763.175
v -32.5966 -22.1647 765.86
v 35.3771 -19.6716 765.834
v 34.7709 -22.5039 768.302
v -31.3811 -16.3694 766.572
v -18.5163 -6.14075 767.342
v -17.1321 -1.32184 766.593
v -20.3611 -2.27794 766.365
v -21.4982 -7.26665 764.385
v -12.3575 4.93716 767.13
v -13.3974 9.5402 765.755
v 22.5076 12.8361 762.814
v -13.7171 21.8613 766.499
v 7.50133 26.4507 768.309
v 6.08215 29.4303 764.463
v 6.56288 25.045 765.525
v -31.6735 63.7574 767.14
v -33.931 68.1318 765.572
v 34.107 -36.6438 764.589
v 23.0076 -6.28305 766.222
v -22.6589 -3.27664 763.947
v -22.4861 -9.35621 759.896
v -19.291 2.56783 766.348
v -22.0041 2.01398 765.44
v -21.3026 6.80151 765.475
v 24.7632 11.4622 761.559
v 15.6681 11.8162 767.948
v -15.5396 27.5526 766.354
v 22.0794 37.7593 765.081
v -11.4752 46.7678 763.364
v 31.6546 55.024 764.091
v 24.1263 59.2382 763.909
v -35.2419 61.6266 765.482
v 12.0056 -56.2949 766.742
v 6.68287 -55.2849 768.232
v 8.39989 -57.3395 765.131
v -13.075 -58.2339 764.097
v -9.33812 -57.262 765.462
v 45.1728 -48.8273 765.222
v 30.1764 -8.89001 767.693
v 32.7866 -10.9826 764.563
v -25.336 -11.3943 765.18
v 27.9851 -7.56884 765.195
v -16.3656 3.25322 765.535
v -18.0672 7.01564 765.159
v -24.1824 1.61399 762.694
v -24.2802 6.35987 762.474
v 5.46547 19.2 764.114
v 15.0156 20.5728 765.388
v 14.8263 17.1228 765.011
v 15.9533 24.0874 765.595
v 20.4233 34.1961 765.206
v -5.59727 36.0354 764.066
v 23.8568 41.2641 764.841
v 25.2604 44.8532 764.855
v -23.7052 48.7719 765.022
v 33.0708 -54.9043 769.551
v 31.2643 -58.2664 764.963
v 34.4981 -56.856 766.633
v 17.3713 -57.288 765.299
v 20.9518 -56.0968 767.03
v -4.04696 -58.2895 763.709
v -29.4183 -46.7705 764.482
v -29.6419 -43.8732 763.246
v -28.944 -31.4822 761.339
v -10.8784 -28.2083 760.611
v -17.6898 -30.966 759.083
v -30.0479 -13.1731 762.742
v 23.9147 -2.45186 763.461
v 24.1379 1.8028 765.534
v -16.1638 7.22784 763.816
v -12.85 19.24 764.167
v -13.5898 25.2908 764.248
v 19.2569 30.516 765.054
v 17.3663 27.4618 765.477
v -8.13539 38.0852 766.44
v -29.7196 55.9008 762.682
v -33.7805 58.9635 763.488
v -29.5639 63.0494 764.525
v 3.11027 -56.2382 766.641
v 40.6864 -46.5851 764.385
v 36.9263 -44.0465 763.555
v 24.9752 8.87135 761.939
v -16.7004 10.6444 762.649
v -19.6763 11.058 762.714
v -4.24294 20.4207 764.726
v -15.5437 31.3821 764.265
v -17.2133 37.5824 764.292
v 16.2768 53.9835 763.114
v 29.5564 55.8227 761.345
v 32.9824 62.7773 763.809
v 4.80112 -58.3665 763.59
v 36.62 -16.5019 763.718
v 25.6462 5.05965 762.124
v -23.3339 10.7624 760.146
v 2.50213 17.2077 762.28
v -12.5341 16.6576 762.117
v -13.7911 13.3441 763.967
v -0.394145 17.2989 762.658
v -11.8942 22.6885 761.847
v -3.80999 33.3902 761.47
v 27.0648 48.323 764.697
v -11.5767 50.5059 760.647
v -14.5412 52.0689 762.823
v -25.3135 52.0405 762.532
v 22.7408 -58.1567 763.912
v -22.8354 -57.7236 765.282
v -27.7143 -56.0053 762.936
v 38.9065 -56.7644 764.656
v 39.6929 -57.3196 761.27
v 42.1785 -55.6744 761.568
v -26.5209 -38.7412 761.69
v -19.9199 -30.2323 759.05
v -20.7844 -36.4023 759.963
v 30.9719 -33.9896 761.717
v -11.9531 -29.6783 756.874
v -9.40019 -31.5278 759.703
v -14.131 28.9043 762.058
v -15.7659 35.1982 762.063
v -21.5206 47.0929 762.267
v -18.4804 41.2537 761.963
v -20.7719 43.2292 764.472
v 28.3151 63.4595 762.763
v -26.6753 62.1269 762.183
v -30.7589 67.1735 762.702
v 29.6479 -56.2401 767.901
v 37.3878 -47.4267 762.705
v -29.0706 -46.5411 760.616
v 33.6155 -30.8178 763.272
v 19.8111 -34.2777 763.213
v 17.0895 -32.5529 760.987
v 18.8834 -31.7026 763.421
v 17.404 -30.1294 762.116
v 25.7598 -7.10869 763.155
v -14.1893 11.2233 762.713
v 14.5396 13.9631 764.761
v 14.634 24.8258 762.038
v -3.13585 25.8941 766.173
v 17.5876 31.3226 761.653
v 7.63216 42.9785 761.29
v 5.38988 37.6461 761.381
v 6.97799 39.8893 763.748
v 13.2156 48.9683 763.243
v 10.2974 44.0844 763.335
v -32.2154 58.4948 759.693
v -36.4754 62.7189 761.064
v 28.0191 -59.1893 762.895
v 36.4618 -57.4635 760.085
v 42.8703 -48.2915 762.277
v 32.4524 -37.6194 760.851
v -18.4433 -27.8041 756.128
v -24.7649 -31.3087 758.96
v -9.07734 -31.785 758.414
v -28.4999 -11.7517 758.736
v 18.7541 12.953 763.789
v -12.5758 14.0988 760.308
v 4.59044 27.8751 762.332
v 5.38656 23.3882 763.066
v -3.55053 29.7965 763.763
v 15.7459 28.297 762.029
v 20.5379 38.5629 761.658
v -19.1551 45.2854 759.515
v -9.13088 44.4688 761.049
v 13.2465 52.6772 760.817
v -18.9268 56.2068 761.534
v -23.1917 60.972 760.401
v 31.5835 59.1534 761.214
v -7.6726 -59.2844 762.241
v 1.21809 -59.3625 762.088
v -0.462315 -57.2843 765.173
v 43.3346 -52.0037 761.73
v -29.3982 -51.0718 760.874
v -23.4004 -39.0827 758.659
v -18.1542 -36.3983 757.544
v -22.7539 -8.75541 757.876
v -25.0943 1.4382 758.825
v 18.1819 13.4956 760.175
v -18.3501 13.5054 757.929
v 21.5882 13.2548 759.505
v 13.9038 21.2502 761.855
v 18.7041 34.8519 761.753
v -16.8023 38.9008 759.57
v 22.2768 42.1651 761.501
v 24.2538 45.5771 761.222
v -27.5427 55.1899 759.438
v 37.557 64.9078 760.717
v 33.5518 66.1893 760.312
v -37.0612 69.7566 762.731
v -11.3662 -60.351 760.768
v 39.761 -48.5605 759.916
v 24.0846 -29.6422 759.895
v 22.697 -32.9876 762.226
v 22.0419 -30.0731 762.297
v -14.4508 -26.8328 753.935
v 16.2629 -30.02 759.061
v 16.1212 -28.7393 760.991
v -32.4565 -15.2743 759.942
v 35.5563 -13.0192 761.13
v 23.7559 -6.39215 761.256
v -24.8919 -2.89219 757.767
v -23.7822 -3.36058 760.626
v -13.0661 26.2574 759.783
v -14.5791 32.5509 759.828
v 25.2894 49.2994 761.632
v -27.3156 66.5439 759.932
v 19.1721 -59.4519 762.158
v -21.1367 -59.9727 761.277
v 33.4037 -46.1581 759.827
v 28.1609 -31.372 760.18
v 28.0882 -34.9829 759.117
v 25.3042 -32.3012 761.413
v 20.2046 -26.8397 761.201
v -33.9771 -20.1046 759.493
v -33.5607 -18.4368 763.172
v 37.0634 -23.0331 762.495
v 37.2995 -19.4905 760.088
v 28.3178 -8.76883 760.132
v -22.2279 -16.0108 756.089
v 13.8041 15.0891 761.155
v 3.79629 21.6313 760.979
v -12.3589 19.9791 759.757
v 6.15772 33.53 762.804
v 10.439 47.6747 761.012
v -9.15054 47.7591 758.474
v 10.3737 51.3322 758.577
v 17.3462 56.2996 759.816
v -32.8451 68.8279 760.133
v 13.7519 -58.3834 763.593
v 15.5208 -60.58 760.4
v -25.5897 -57.5428 757.888
v 36.7008 -48.8268 757.205
v 35.4322 -44.098 761.072
v -16.8665 -35.9031 757.208
v 25.5019 -34.2571 760.301
v 23.078 -34.6462 759.572
v 17.2907 -35.1355 758.261
v 30.9109 -31.258 759.053
v 26.9252 -29.1606 758.044
v -30.8465 -28.4571 759.39
v -32.1356 -24.0639 757.899
v 34.6979 -29.0212 761.553
v 35.7665 -26.4693 759.153
v -21.2967 12.8703 755.803
v 14.7203 17.9527 761.225
v -20.8018 48.7632 756.824
v 7.99334 46.2977 758.751
v -33.9025 62.4135 757.503
v 2.88851 -61.6092 759.126
v 32.7943 -59.4244 761.718
v -2.35204 -60.3844 760.63
v -28.7888 -42.501 760.3
v 34.4579 -41.118 759.974
v -20.6054 -39.3941 756.507
v 25.4101 -26.2022 755.89
v 23.3409 -26.219 759.146
v 25.4457 0.871265 760.927
v 24.2278 4.29497 758.161
v 25.3307 7.92225 758.458
v 24.2427 11.4503 758.76
v -15.5155 12.7021 758.881
v 1.69802 20.0751 759.45
v -3.09612 23.6569 762.323
v -1.71339 27.6038 760.974
v 5.79413 41.1993 758.988
v -18.3283 42.5679 756.658
v 29.9658 -60.9753 759.825
v 30.004 -39.0581 757.162
v -10.3114 -34.1991 757.479
v -21.0541 -22.8584 755.296
v -25.1234 -25.8694 754.744
v -30.2257 -13.8001 757.021
v 25.6554 -3.78397 759.197
v -24.0674 -7.67296 755.835
v -15.5682 36.1609 757.232
v -30.4023 57.9486 756.634
v 27.7531 56.2649 758.589
v -15.1687 -61.554 759.26
v -16.9804 -59.2012 762.745
v -5.94031 -61.2494 759.039
v 39.6308 -56.8536 758.848
v 41.2499 -55.4064 758.219
v 33.459 -10.6693 758.885
v -25.8749 -15.8179 756.231
v -27.557 -12.1908 756.403
v 30.9698 -8.90797 762.173
v -24.6871 1.08473 756.478
v 3.09459 26.8738 760.52
v 3.59186 30.756 758.628
v 4.58933 32.0594 760.727
v 14.2887 29.1357 758.5
v -13.3179 29.6619 757.763
v 3.62277 36.1373 759.328
v -25.8042 53.8034 756.347
v -23.0131 50.5931 759.657
v 29.856 58.837 758.652
v -38.9333 69.689 760.104
v 42.2855 -51.1536 758.025
v -25.9348 -46.909 758.109
v -25.4813 -43.2188 756.915
v 36.0287 -15.4936 757.685
v 30.0698 -10.5458 756.81
v -24.7662 -1.73506 755.278
v 14.9144 15.1145 756.636
v 17.8187 14.6215 756.635
v 17.5362 35.5433 757.902
v 19.5254 39.0006 757.605
v -6.5739 39.0021 761.32
v -5.59633 39.7235 756.196
v -7.16704 42.0875 758.645
v 20.7096 57.6849 761.839
v 21.1766 60.6749 758.819
v 36.0229 63.9829 756.887
v -23.8007 65.1099 757.663
v -0.656195 -62.7533 757.797
v 37.2837 -56.9127 757.426
v 33.2595 -58.2403 758.396
v -27.1952 -51.3179 757.178
v 19.979 -36.5061 759.74
v 20.6431 -39.0198 756.445
v 17.9962 -38.2103 755.378
v 18.0928 -25.8129 756.475
v 19.1846 -26.068 759.229
v 24.7798 -22.7305 754.734
v 21.9931 -24.4698 756.973
v -29.3849 -15.3419 754.254
v 24.5787 -8.95353 756.92
v -25.7937 6.04597 758.129
v -12.5511 23.5691 757.531
v 13.5784 21.8422 758.055
v -6.9874 45.3021 756.121
v 7.69371 49.9281 756.48
v -20.8127 62.2241 755.375
v -20.0908 59.0019 758.326
v 33.7934 62.7081 756.3
v 24.6486 62.2135 760.801
v 28.9835 66.5517 759.302
v 25.1723 65.2353 757.526
v 35.6135 65.819 753.765
v 36.9089 69.668 754.871
v 33.624 70.3019 755.736
v -34.412 70.4926 757.704
v 34.0186 -57.0607 755.449
v 30.2409 -29.0342 756.64
v -33.3735 -17.0455 756.859
v 26.4546 -12.5242 755.675
v 23.8899 11.8325 755.564
v 13.5307 25.4502 758.404
v 2.19606 25.9071 759.036
v 20.8299 42.7042 758.04
v -18.6461 46.5942 754.052
v 23.7513 49.9061 758.424
v 21.7131 46.3049 758.524
v -13.0076 52.6191 757.275
v -10.4886 50.3337 755.054
v 32.0289 60.5866 757.948
v 29.8045 69.2994 755.041
v -4.15734 -63.7006 756.283
v 8.10839 -62.5654 757.267
v 11.8055 -61.6086 758.768
v 6.47373 -60.4135 760.434
v 4.49718 -63.751 756.064
v -18.1366 -39.3426 755.253
v -33.6122 -21.0311 755.805
v -33.2645 -23.7531 761.933
v -24.1977 3.55131 755.331
v 21.1278 13.8715 756.182
v -2.04077 31.0772 758.856
v -2.87325 34.5599 756.604
v -4.72357 36.663 758.895
v -15.8141 39.9203 754.598
v 26.0617 53.1018 758.237
v 24.8248 53.598 754.828
v 14.2507 54.7744 757.73
v 11.2785 53.2518 755.738
v -27.2755 57.8362 753.713
v -31.7295 61.5703 754.02
v -39.2146 65.4994 758.376
v 38.9593 -55.6542 755.471
v -24.309 -51.1971 754.456
v -24.4014 -54.6675 754.184
v 34.3077 -48.5002 753.422
v -22.522 -47.1721 754.947
v 31.6528 -43.9293 755.882
v 24.8675 -11.3853 757.205
v -14.1626 13.7021 755.054
v -14.1992 55.0291 753.902
v -15.8572 54.5134 759.46
v -17.1184 56.9826 756.136
v 21.6271 63.5749 755.675
v -36.2118 64.9687 754.56
v 31.4928 -60.3142 755.738
v 39.2785 -51.0578 755.278
v -10.8959 -32.7893 756.867
v -12.6863 -32.7064 754.918
v 20.6716 -22.7 754.9
v 24.6853 -14.3315 755.416
v -28.9819 -12.8803 755.299
v -22.7062 -13.0979 754.046
v -21.182 -14.7942 755.378
v -12.0164 16.7999 757.551
v -13.6098 26.9717 755.555
v 2.78159 29.6098 756.847
v -14.8093 33.3165 755.046
v -5.48502 42.8301 753.558
v -22.6321 52.4961 754.036
v 18.0697 58.8462 756.638
v -22.7895 -42.6983 754.586
v 28.8784 -25.6808 754.472
v 23.9173 -19.0219 753.892
v 26.0273 -3.98625 754.879
v 25.3173 0.417033 756.743
v -22.8271 0.572375 753.624
v 23.9436 3.98996 754.445
v 24.9534 7.9204 754.953
v -23.3783 11.4465 752.97
v -25.1275 9.26202 756.028
v 13.314 18.8293 757.472
v -14.9625 24.0407 754.085
v -11.8492 20.9891 754.743
v 8.61389 51.542 753.817
v 26.1592 56.6042 755.647
v 28.9774 58.7889 755.389
v -25.6011 66.0981 754.674
v -29.2673 67.4402 757.222
v -39.9908 69.5735 757.768
v -40.6223 67.0816 756.938
v 34.8167 71.8509 752.398
v -13.2439 -63.7883 755.964
v -19.0899 -61.991 756.994
v 23.0248 -40.4229 752.615
v 19.1688 -27.3305 753.956
v -30.5185 -19.74 752.725
v -31.3658 -14.8337 754.046
v -15.9986 14.2077 753.695
v -18.6571 13.6541 752.011
v 16.9996 15.5947 753.429
v 14.5217 25.3651 754.26
v -15.531 30.5125 753.728
v 16.089 32.2215 758.152
v 15.1022 32.7207 754.473
v 2.36745 38.5987 754.738
v 2.62161 34.8449 757.136
v 26.049 67.791 753.714
v -30.5547 69.5798 754.709
v 0.985765 -64.7696 754.793
v -17.0097 -63.7112 753.183
v 26.6298 -62.5223 757.794
v 35.7406 -55.7785 752.838
v -18.9207 -43.9398 754.053
v 21.0859 -38.2984 751.653
v 20.9459 -23.0607 753.216
v -33.478 -18.7328 754.619
v 35.6447 -22.7333 756.647
v 26.8524 -16.1039 753.086
v 14.1201 14.8099 753.415
v 14.1696 21.9463 754.079
v 15.1156 36.5913 754.313
v 17.4456 39.7155 754.3
v -17.2409 43.4827 751.917
v 19.9694 47.1954 755.232
v 5.58221 47.8358 754.436
v 6.39122 49.5615 751.979
v 31.9499 60.5861 754.951
v 33.4335 63.3927 753.025
v 18.2837 61.7925 753.716
v -39.1135 65.8653 753.696
v 17.3529 -62.8696 757.079
v 23.0858 -64.1631 755.81
v 21.0565 -61.6646 758.947
v -11.2211 -34.3846 755.443
v 22.491 -18.5484 752.706
v 27.8783 -20.8874 752.411
v 23.8411 -13.9799 754.014
v 20.5576 14.8258 752.829
v 13.1753 19.6048 752.261
v -14.5296 21.2972 751.237
v -12.1448 18.4878 752.289
v 14.5076 28.9747 754.174
v 18.7513 43.4653 754.77
v 21.9384 50.9198 755.309
v -11.7511 52.6391 751.646
v 35.2059 66.7907 750.837
v 37.4901 69.0415 751.326
v -2.37936 -65.6238 753.313
v 29.7662 -45.3078 750.706
v 26.3357 -41.1313 753.056
v -19.462 -19.1382 753.281
v 23.7143 12.5223 752.07
v -16.3846 27.4402 751.797
v 2.09544 34.1227 755.14
v -13.6587 36.9096 752.013
v -8.56746 47.7647 752.711
v -29.8366 59.3832 750.705
v 14.7965 60.1509 752.069
v -35.2308 62.375 750.825
v -23.7961 -55.4068 750.549
v -22.1018 -51.4252 751.659
v -0.887327 -32.8893 753.14
v 0.248717 -32.7446 750.871
v -3.01574 -33.1263 750.808
v -31.7293 -18.0209 752.905
v 34.6352 -12.5641 756.103
v 31.2175 -12.9788 753.473
v -22.0307 -2.99423 751.333
v -24.5018 -5.71156 753.368
v 21.9795 -0.30858 750.722
v 23.0832 3.85156 751.293
v -24.8775 6.30019 753.07
v -13.2193 17.6243 749.778
v 22.6143 54.0481 752.23
v -38.8891 69.9461 755.336
v 30.9889 70.8078 751.404
v 28.5384 -62.5231 753.705
v 25.0496 -64.731 751.603
v -22.8644 -60.796 753.249
v 31.065 -57.9679 752.617
v 32.426 -55.8967 750.118
v 18.988 -28.7181 749.708
v 19.9007 -23.2163 750.304
v -13.4336 -32.9206 751.58
v -13.2713 -30.897 753.168
v -24.3227 -10.1713 750.995
v -15.1727 34.1875 750.831
v 1.51044 37.3391 752.726
v 3.98729 39.7577 756.847
v 3.82925 43.2134 754.475
v -7.12895 45.2477 750.333
v -20.0704 50.2211 751.231
v 25.2363 56.7307 752.225
v -24.6198 55.2438 750.983
v 14.801 57.2317 754.784
v 30.3942 61.983 752.682
v 22.4298 66.0859 752.062
v -39.9181 68.357 755.23
v -7.63569 -64.4568 754.5
v -5.64612 -66.4382 751.665
v -19.5535 -60.6725 750.362
v -2.16273 -30.5004 753.763
v 33.9807 -17.6204 754.105
v 23.8941 -14.127 750.999
v 23.6143 -0.162448 753.372
v -14.6192 18.8166 748.617
v 15.0479 21.2757 750.928
v 16.262 25.0171 751.14
v 16.1765 29.164 751.308
v -14.8019 40.7476 749.839
v -4.48271 41.0297 750.806
v -26.9679 67.9355 751.791
v 37.1444 -52.4341 751.195
v -14.4009 -38.9203 753.522
v -14.7037 -45.5204 752.93
v -3.78751 -31.8256 750.452
v 22.281 -18.6818 750.044
v -15.9849 24.2157 749.063
v 14.2024 33.1232 751.517
v -4.56025 37.5345 753.792
v -15.1285 57.6454 750.472
v 27.6602 59.4416 752.388
v 11.8052 55.4393 752.878
v 29.7377 62.5123 749.692
v 32.4825 64.9219 750.287
v -31.6124 62.2362 748.254
v -36.5037 65.0485 748.974
v -35.6994 71.6459 755.185
v -36.7965 71.9147 753.058
v 2.47452 -66.427 751.651
v 28.9298 -60.49 750.492
v -0.539131 -31.1579 751.772
v 2.69763 -32.8416 749.449
v -13.1022 -34.8864 753.478
v -12.7987 -34.7411 750.128
v 0.258067 -30.274 750.639
v -3.59784 -29.6749 752.139
v 6.95625 -31.9948 745.217
v 9.66658 -26.154 748.646
v -21.8374 -15.9359 749.68
v -21.152 12.9248 749.879
v -19.2279 14.6823 746.974
v -21.0843 13.0568 744.885
v -12.2488 55.3569 748.342
v 12.1419 57.7605 749.856
v 27.0374 59.7746 749.158
v 19.3397 -65.9553 753.935
v -14.7493 -64.3159 749.349
v -11.1951 -65.2072 752.475
v -20.2698 -56.0107 748.725
v 23.2738 -40.1283 748.363
v 21.9367 -38.3957 748.837
v -12.7085 -36.7512 751.662
v -13.8124 -39.5851 749.856
v -5.0012 -30.5059 749.234
v -24.2082 9.14775 750.47
v -22.9129 11.4645 747.609
v 15.2688 16.8012 750.452
v -16.2159 30.9365 748.286
v -13.1988 37.6228 748.397
v 0.946723 41.5032 748.303
v 16.0171 40.1323 750.987
v 15.3515 36.3231 750.659
v 18.0851 47.7329 751.956
v -26.7503 57.3287 747.958
v -18.6964 62.7277 749.616
v -17.5046 60.2645 753.15
v -15.9719 60.155 747.025
v -22.1346 64.2921 752.182
v -38.7892 68.8061 751.803
v 37.5699 69.1988 748.905
v 36.3967 72.8076 749.652
v 32.2544 72.1131 748.002
v -9.06092 -66.546 749.024
v -19.8066 -51.4779 749.157
v -18.0599 -47.905 750.331
v -20.0445 -48.0118 753.241
v -12.932 -36.6396 748.645
v 24.5234 -3.73426 750.587
v -23.6882 3.15382 750.883
v 2.00121 42.081 752.099
v 17.1028 43.9301 751.353
v -17.608 47.5642 749.066
v 6.90826 51.0607 749.319
v 9.13333 53.3883 751.058
v 34.9906 67.6014 748.121
v -17.1423 -61.068 746.909
v 31.6653 -49.2419 749.46
v 20.7713 -3.86879 749.069
v 21.2991 0.0517971 747.98
v -16.4783 15.0999 748.624
v -14.6796 15.8871 745.777
v -8.59302 47.2637 747.088
v 20.3482 51.1546 751.973
v 21.8489 54.3039 748.415
v 19.3694 51.3754 748.2
v 9.19594 55.521 748.224
v 23.6172 67.799 748.329
v 33.5304 -53.1314 748.165
v -3.7819 -32.8478 747.386
v -6.76899 -28.567 747.939
v -4.97245 -27.1788 751.018
v 10.7156 -20.6586 749.241
v 13.712 -17.1809 747.66
v 14.6499 -22.0732 746.811
v -17.3202 -21.8411 751.235
v 25.0735 -9.21546 752.978
v 14.9759 25.2186 747.666
v -13.7202 33.6186 745.987
v 3.5885 46.1294 749.111
v 3.55392 46.3541 752.278
v 4.51861 47.7568 750.329
v -21.9399 53.1843 748.18
v 15.5441 62.3557 748.504
v 32.1011 65.916 747.29
v -23.6257 65.8347 748.985
v 27.2615 69.3945 749.965
v -0.695146 -67.2717 750.372
v 3.66258 -68.431 748.906
v 25.8783 -63.563 748.257
v -11.9675 -34.5972 746.761
v -11.981 -32.2104 748.475
v 0.0913233 -27.3048 748.352
v -14.2114 -29.9342 750.883
v -9.17486 -25.9519 747.7
v -7.41238 -23.5403 749.971
v 12.7847 -10.6071 747.561
v 15.6597 -13.3256 746.96
v 10.6261 -14.0362 746.473
v 23.4474 -8.95917 748.885
v 16.2282 -5.32759 746.557
v 12.5915 -5.88338 744.03
v 15.3857 -4.49193 744.74
v 13.1952 -4.08206 742.813
v 18.957 -3.23276 747.749
v 18.2308 -2.66107 745.946
v 17.7486 -2.87861 743.869
v 24.6054 7.94326 751.449
v 22.8456 12.1772 748.488
v -17.5729 15.9305 744.296
v -14.5845 21.5495 746.659
v 15.6379 29.0484 747.543
v 13.446 32.4153 747.947
v -10.3175 52.5087 746.041
v -9.88716 49.9974 749.357
v -33.2759 62.4467 746.095
v -28.4081 69.6261 748.659
v 15.1249 -66.3109 751.967
v 16.6195 -67.7123 747.528
v -18.2973 -56.1921 745.847
v -16.4732 -47.8976 747.679
v -18.2311 -51.2854 746.543
v 21.5399 -34.8378 749.31
v 19.7706 -33.3578 752.961
v -2.21485 -33.5787 748.812
v -20.0081 -6.21276 748.501
v 16.1735 -2.42502 741.684
v 23.6862 7.91167 748.046
v -15.3549 27.3989 745.997
v -15.3633 44.8546 746.981
v 24.1399 57.2345 748.819
v -13.4948 57.4433 744.564
v -28.1409 59.8542 744.879
v 12.4067 60.1526 746.639
v -17.6377 60.9674 743.853
v 28.5236 70.9092 746.324
v 11.0628 -67.2695 750.669
v -11.812 -64.3836 746.346
v -15.0017 -43.9097 748.431
v -14.6951 -38.7183 747.351
v -9.39971 -19.2001 748.367
v 13.1083 -7.93758 745.336
v 17.3988 -8.13554 747.403
v -18.7006 -10.8792 745.554
v 20.7258 0.113473 745.535
v 21.9175 3.79178 745.315
v -22.38 2.43784 746.018
v -24.2768 6.27479 748.116
v 21.782 12.1687 745.264
v 19.5451 15.0936 749.385
v 2.19847 44.8634 750.092
v -20.5917 63.4142 746.342
v -32.0716 71.135 751.829
v -34.152 71.345 748.811
v 0.748239 -68.9978 747.553
v -1.61373 -68.0387 745.441
v 1.93455 -68.7514 745.723
v 20.9731 -66.5377 749.397
v 21.1351 -64.6675 745.687
v 30.0703 -57.7461 747.092
v 25.1491 -42.8589 747.593
v -15.8786 -42.709 746.487
v -12.2525 -36.3258 745.456
v 4.0926 -24.9429 746.12
v 19.3723 -18.1611 746.435
v -11.278 -22.1885 747.74
v 22.0046 -14.0635 747.304
v -16.581 -8.77112 746.613
v -12.1942 -13.562 745.98
v -19.6828 -4.19549 747.027
v 22.7197 7.91384 745.063
v 18.4242 15.1485 746.126
v -19.8608 14.8727 742.299
v 13.2155 36.725 747.708
v 0.557853 44.2558 746.979
v -19.8553 50.0354 746.01
v 28.936 63.5372 746.7
v 38.8758 69.0114 746.421
v 29.7162 -54.3105 745.668
v -0.502699 -34.3872 746.255
v -3.50718 -34.4162 744.23
v -14.2025 -16.541 745.384
v 19.87 0.042174 743.202
v -13.1561 36.6221 743.353
v 14.3686 40.4749 747.579
v 17.0191 48.2588 747.965
v 26.1314 60.6665 745.948
v 12.327 -68.6731 746.067
v 7.12899 -67.8746 749.733
v 7.86182 -68.7165 745.616
v 26.6046 -59.7838 744.457
v 28.6444 -50.263 745.734
v -16.2831 -47.4212 745.548
v -13.0942 -38.6239 744.288
v 16.3019 -27.1167 745.44
v -5.4623 -17.9974 745
v -17.2897 -5.14264 743.015
v -14.0203 18.9999 744.575
v -6.14416 42.9407 748.022
v 15.8031 44.365 747.618
v 6.99542 52.7367 746.487
v -24.6418 54.629 745.2
v 9.38037 57.6632 744.844
v 36.0164 66.9376 745.131
v 36.4366 73.9199 746.118
v 4.3007 -68.609 745.685
v 0.861783 -67.2319 743.932
v 27.9301 -46.276 745.881
v 11.1912 -31.4825 745
v -3.09028 -22.5752 746.898
v -9.98149 -8.8334 739.343
v -8.85056 -14.3016 741.924
v 20.6746 3.80902 742.885
v 11.5527 18.8986 745.618
v 13.9635 21.522 747.848
v 13.6524 17.3071 747.186
v 12.5539 22.2948 745.117
v 13.8675 25.2979 744.296
v -8.99738 49.4347 743.832
v 18.7077 51.6608 744.19
v 20.6923 55.1008 744.726
v -30.6235 68.8752 745.931
v 33.405 73.0645 744.416
v -13.8154 -61.3804 744.458
v -15.7074 -51.4551 744.469
v 3.14808 -34.8197 743.327
v 12.6195 -4.25067 740.301
v -21.8736 -0.374132 748.826
v 20.3792 11.94 742.551
v 17.9371 14.8921 743.042
v 15.1237 17.4134 743.183
v -14.0376 24.0959 744.237
v -14.3469 40.7282 745.247
v -11.5779 54.3185 742.338
v -22.4545 51.7512 742.849
v 22.366 58.251 745.581
v 32.5393 65.7194 743.934
v 24.9594 69.254 744.583
v 39.2453 68.8448 743.532
v -3.68557 -65.7487 743.392
v -3.63067 -67.5977 748.634
v -6.50667 -66.4444 745.795
v 25.8298 -55.6181 742.892
v -13.2943 -46.6804 743.971
v -8.14129 -34.2259 744.203
v -16.2324 17.711 742.057
v -12.5165 20.5177 742.224
v 14.4424 29.0764 743.941
v -14.2973 30.5761 743.121
v -7.48543 44.7965 744.891
v 4.70722 48.8569 747.942
v -25.9914 57.1406 742.226
v -19.6788 61.0107 740.699
v -32.5761 67.7804 743.854
v 3.81317 -67.0594 742.945
v -15.5114 -56.1767 743.164
v -13.89 -42.1238 743.447
v 8.42164 -15.2159 742.195
v -13.1978 -7.16252 741.41
v 11.84 -6.56236 741.108
v 15.2849 -2.83762 739.268
v 18.5012 0.403191 740.846
v 11.2602 31.8626 744.638
v 5.20449 49.7375 744.953
v 13.6229 61.3676 743.063
v 16.7607 63.8094 744.81
v 29.2747 63.67 743.019
v 21.644 67.0659 742.807
v 20.0867 65.9803 746.591
v 24.7152 -51.3538 742.548
v 22.6065 -39.0476 744.509
v 21.3315 -36.8349 746.539
v -9.2911 -35.9185 742.891
v -10.5695 -37.9374 741.449
v 0.194872 -35.0218 741.746
v -5.65437 -35.9661 741.367
v 15.5878 -31.2362 744.213
v 12.1363 -9.52694 741.72
v -20.3689 -1.47994 744.177
v 19.3603 3.82058 740.592
v -23.7282 9.09983 745.18
v -17.8461 47.117 743.67
v -10.2974 50.9364 740.375
v 10.8207 58.4631 741.398
v 38.1338 74.2425 742.807
v 16.4104 -64.3926 744.633
v 12.1681 -66.152 742.872
v 24.068 -47.4679 742.233
v 23.0358 -42.725 743.12
v -7.04166 -38.3494 740.207
v 9.41713 -17.9044 745.227
v 7.18275 -21.6821 745.274
v 3.13613 -21.7643 741.84
v -0.434328 -22.781 743.868
v -3.64705 -19.8387 741.766
v 11.1838 -12.5756 742.335
v -22.5404 5.41695 743.024
v 5.23541 51.0513 741.819
v -15.4094 57.8034 741.555
v -17.0708 58.1108 738.43
v 26.2039 61.0793 742.347
v -8.78943 -63.7564 743.645
v 22.085 -61.0877 741.255
v -12.644 -50.9772 742.998
v 18.879 11.2637 740.482
v 19.598 7.56082 740.467
v 12.8012 18.9683 742.235
v 13.3135 40.7642 743.587
v 15.0297 44.6624 743.502
v 3.07254 46.4101 747.018
v -13.4162 54.7111 739.37
v 26.6467 70.251 740.733
v -0.6709 -64.9792 741.656
v -10.521 -59.9899 742.485
v -12.3797 -55.3072 741.956
v -9.37769 -50.2893 741.268
v 18.5418 -35.1726 743.199
v 15.2924 -34.7117 742.015
v -18.232 -1.56286 739.517
v 16.2744 48.6571 744.019
v 7.07494 54.4805 743.202
v 22.5376 59.0375 741.569
v 36.0191 67.4666 742.03
v -27.0902 67.3573 742.373
v 30.0086 71.9255 742.588
v -5.62971 -62.5487 741.579
v 21.3842 -56.9709 740.077
v -10.8461 -46.3143 741.72
v 17.9052 -43.5016 741.721
v 18.5119 -39.0795 741.9
v 3.3948 -42.6055 739.727
v 2.00213 -39.0872 739.6
v 4.60986 -37.7664 740.847
v -12.0591 -41.0868 740.788
v -3.0136 -36.9765 739.936
v -14.8105 -4.14394 738.257
v 15.109 16.8679 740.368
v 12.1699 23.1154 740.645
v 13.0061 28.6584 739.827
v 11.8801 36.6806 743.919
v -20.7154 48.9712 740.522
v 7.62359 -66.6953 742.616
v 6.61096 -63.5781 740.144
v 14.9032 -38.7155 740.614
v 12.0882 -34.0128 740.337
v 7.1035 -33.6247 741.595
v 17.3689 14.4482 740.52
v -14.8906 19.8707 739.647
v -14.1988 27.1335 740.695
v -14.4892 40.4723 739.947
v -9.45123 47.7372 738.556
v -24.3782 53.5088 739.72
v 19.9719 56.1629 740.67
v 18.2775 64.8537 741.084
v 15.2293 62.1218 739.437
v -25.0744 67.341 745.614
v -24.3025 63.9814 739.786
v 35.2332 73.3323 740.865
v 2.53249 -64.353 740.588
v -2.02715 -61.2153 740.161
v 20.1285 -52.0976 739.604
v -6.34003 -16.4236 739.247
v 10.4352 -9.65255 738.295
v -11.5678 -5.17217 737.152
v -22.462 16.2695 738.205
v -21.5865 13.3517 740.151
v -18.6609 16.5642 739.924
v 13.5172 24.5692 740.477
v 10.4313 31.8993 740.107
v -16.9341 43.4028 741.986
v -30.2313 59.6817 742.759
v 33.4386 65.0533 740.81
v -22.0253 64.6275 742.894
v -37.1967 73.141 744.413
v 23.3594 68.0215 738.967
v -9.77539 -54.4203 740.188
v 18.5715 -48.1974 741.095
v 12.432 -48.3456 739.78
v 12.0757 -42.8892 741.117
v 9.99578 -39.3554 737.992
v 7.02733 -36.8102 739.881
v -3.49479 -17.5693 736.899
v 11.937 -3.65949 737.787
v 17.3299 0.51852 738.492
v 18.1842 7.42383 738.741
v 18.2109 11.1173 738.352
v 17.9825 15.027 738.002
v -12.7409 33.4401 740.562
v -10.47 29.8296 738.369
v 1.14344 42.8474 743.333
v 2.98503 46.6237 744.059
v 3.88654 47.1841 740.614
v 2.31222 43.2728 739.243
v 4.70497 47.9315 737.532
v 6.52741 51.5675 738.677
v -27.6819 56.9731 739.762
v -29.0045 67.3893 738.71
v 29.7981 63.5301 739.463
v 41.7368 73.3498 740.444
v 39.3158 69.3733 739.829
v 16.2531 -61.6107 741.325
v -7.52777 -58.5687 740.87
v -7.59863 -41.448 739.374
v -0.98046 -20.5651 739.153
v 6.22882 -18.7607 741.468
v 9.14779 -12.8552 738.198
v 11.0485 -6.60723 738.172
v -19.7091 2.2137 741.702
v -22.1896 11.0013 742.619
v -17.4017 19.4559 737.784
v 13.1119 18.2342 739.966
v 17.793 52.5945 740.254
v -21.8061 52.2947 736.912
v 32.0706 72.0825 738.873
v 4.78937 -60.1081 737.603
v 9.63156 -58.7065 739.154
v 15.0495 -58.2384 739.018
v -7.38088 -46.11 740.411
v 14.5179 -45.0701 740.016
v -0.12612 -43.7952 740.152
v 0.881108 -47.5196 738.377
v -1.58276 -40.4865 739.141
v -9.54696 -9.00395 734.576
v -8.19792 46.5366 741.739
v -7.21601 44.0782 739.627
v -6.50989 -49.5519 739.635
v 6.33343 -40.499 739.336
v 6.45849 -15.813 738.004
v 2.79869 -19.4581 737.412
v -20.0855 4.76385 738.897
v -13.1498 24.2378 738.887
v 10.2131 37.1003 739.491
v 15.4802 49.2781 740.019
v -24.3992 56.606 736.821
v 26.838 60.9778 738.856
v -21.8121 60.5436 737.61
v -19.1065 57.6232 735.504
v -4.29689 -57.3923 738.968
v 0.377076 -61.7917 737.611
v 7.44032 -54.1153 738.343
v 13.7831 -51.8887 737.362
v -4.89922 -46.0063 738.76
v -4.30596 -38.231 738.873
v -13.0854 36.8081 737.343
v 12.2098 41.1679 739.295
v 13.7038 45.1916 739.541
v -19.6635 45.4029 738.856
v -11.8397 51.57 737.326
v -15.0915 54.9172 736.318
v 23.243 58.8288 737.868
v 12.3255 59.1564 737.832
v -25.8846 64.1477 736.15
v 7.16929 -50.2014 737.901
v -6.56196 -52.764 737.794
v 1.69024 -51.152 736.041
v -2.45735 -52.4661 737.247
v -3.24163 -48.9182 738.592
v 13.9636 -41.5901 740.918
v -3.64081 -40.9473 738.172
v 17.9254 7.01438 736.958
v 15.6983 18.2864 737.855
v -13.4252 21.8539 736.553
v 13.506 21.1172 737.469
v 12.8664 24.4616 736.54
v -21.2274 48.0589 735.904
v 36.4661 67.525 738.671
v 28.8946 70.4424 736.846
v -1.71821 -57.3848 737.317
v 9.05111 -44.5064 739.738
v -5.3692 -14.662 734.475
v -8.5135 -12.5248 736.553
v 11.0167 -3.3455 735.453
v 14.1002 -2.2037 736.964
v -21.722 8.05082 740.451
v -21.2938 10.8959 737.562
v -22.0631 13.3897 735.664
v -19.4899 18.7159 735.76
v -17.5238 42.2598 736.685
v 33.6882 65.5489 737.406
v 39.4821 68.4585 736.351
v 2.56755 -55.9107 735.368
v 6.99434 -12.3294 735.054
v -12.8574 -3.31272 734.562
v 15.9502 4.03895 736.847
v 15.7087 0.616218 736.474
v 17.8015 3.91567 738.592
v 11.2045 27.7784 735.96
v -12.5438 33.2506 735.123
v 18.4048 52.8516 736.27
v 20.5714 55.9372 736.937
v -13.4539 51.7637 734.305
v 0.441088 -16.8446 735.491
v 14.3527 0.349679 734.216
v 12.9663 -1.99181 734.672
v -17.5333 1.57212 736.963
v 18.3385 10.8635 735.997
v 17.4203 14.3428 734.798
v -12.588 27.3771 736.054
v -5.92385 40.5718 740.524
v -3.01453 39.3588 737.306
v -6.41591 41.6909 737.65
v -16.0847 38.939 734.401
v -22.5895 52.3863 734.85
v 8.31421 55.2694 739.877
v 9.93322 55.6905 736.538
v 28.1235 60.4095 735.752
v 30.8228 63.3193 736.259
v 34.4829 70.8146 736.153
v 4.05732 -14.6881 735.166
v 8.81155 -9.44409 735.342
v -6.55127 -11.469 732.515
v 10.0578 -6.57207 735.468
v -22.9649 61.0558 734.096
v -10.7575 -6.62933 732.229
v -15.6938 -1.65307 735.613
v -17.3789 1.45755 734.044
v 15.6517 3.32738 733.746
v -15.7607 21.592 735.316
v -17.7195 22.1202 733.595
v 9.97234 32.521 734.913
v -6.18277 39.044 735.627
v -19.3235 44.619 733.325
v 16.7381 48.9441 736.144
v -17.011 54.4559 733.538
v 37.219 66.995 735.691
v 37.6017 72.7615 737.52
v -1.59469 -15.1945 733.127
v -21.0909 7.2651 736.53
v -20.297 3.56333 734.572
v 17.3963 6.39624 733.614
v -20.3331 16.8422 733.27
v 16.0069 17.7166 733.855
v 11.2629 36.8415 734.831
v 2.36596 44.7024 736.151
v 4.30194 44.8407 734.05
v 24.7641 57.9133 734.95
v 14.1241 59.5362 734.274
v 17.1054 62.5739 735.806
v -20.4821 57.4429 732.419
v 31.4947 69.0293 734.334
v -8.07284 -9.07811 729.819
v -21.8478 10.83 733.129
v -13.1425 30.198 732.885
v 13.8796 45.5289 735.332
v 5.98056 48.3107 734.663
v -10.5882 48.5889 735.382
v -12.0165 48.7835 732.395
v -15.621 51.0463 731.657
v 11.482 56.1204 733.057
v 15.0473 21.2393 732.867
v -15.666 35.4107 732.682
v 11.7236 41.5636 734.541
v 2.05638 -13.4904 732.627
v 4.94398 -11.4009 732.687
v 10.6779 -4.5955 732.546
v 8.78724 -6.69724 733.127
v -14.9203 -2.49018 731.653
v -17.1116 -0.639709 732.976
v 15.7758 1.86751 730.853
v 13.1705 24.4123 732.26
v -16.1065 31.9072 731.377
v -19.1429 40.4383 732.182
v 9.31607 52.2767 732.291
v 7.74168 52.0986 735.448
v -18.6292 53.8013 730.935
v 20.0734 65.5768 737.322
v 22.3618 65.6407 733.743
v 28.4324 66.9386 732.721
v 12.6401 -2.88594 731.861
v 14.1437 -0.670995 731.35
v -14.5082 22.9589 733.342
v -15.2134 24.0151 730.79
v 11.9063 27.8977 731.489
v -8.02154 42.3434 734.865
v -9.06165 42.9569 732.078
v -9.88756 45.5587 733.743
v 21.9566 55.2941 733.938
v 19.2842 62.6932 732.289
v 32.218 62.9329 732.73
v -18.5957 3.08682 732.038
v 18.2802 10.6923 732.679
v -18.9262 20.5944 730.976
v -12.9885 24.6334 734.474
v -13.4404 27.421 731.123
v -3.21356 36.0147 735.662
v -5.89606 36.3688 733.23
v -18.0732 37.4686 729.935
v 20.0007 51.7128 733.262
v 25.6402 68.2512 735.128
v 24.976 64.7174 731.429
v -12.9484 -5.27726 729.905
v -17.8749 1.5072 730.102
v -20.1973 14.6083 731.111
v 15.8797 17.0001 729.894
v -15.9909 28.8672 729.6
v 7.217 48.3469 731.64
v 4.98672 44.5205 731.342
v 17.6692 48.6775 732.728
v -17.2532 50.4196 728.981
v 16.379 59.4479 730.895
v -20.3181 7.35966 729.865
v -20.0191 12.5219 728.973
v 17.2434 13.725 731.345
v 28.4727 60.6223 732.948
v -3.28342 -13.1732 731.161
v -9.97802 -7.89048 726.62
v 9.26837 -7.70371 730.453
v 11.3122 -6.22898 729.894
v -18.4778 6.36232 729
v 16.6199 5.29698 730.066
v 15.6483 8.52194 729.254
v -7.33484 40.0798 732.868
v -10.6307 46.0849 730.62
v -14.1002 48.0912 729.673
v -20.0429 52.3469 729.553
v 13.6579 55.9962 729.763
v 21.8314 61.9269 730.037
v 7.08051 -8.95647 733.028
v 4.02637 -11.135 729.657
v 6.79204 -9.03905 730.163
v 13.2779 -1.34961 727.78
v 2.24305 37.2121 733.834
v -7.14511 38.0187 730.567
v 14.8295 45.5442 731.488
v -12.9148 45.1299 727.929
v 1.17119 -13.2149 729.137
v -4.7829 -10.1383 727.937
v -16.8549 4.70947 727.248
v -18.6379 18.2616 729.066
v -17.1983 24.8558 728.918
v 11.5348 32.3962 730.22
v -17.6137 31.0275 727.768
v 13.3494 41.3853 730.804
v -20.7027 42.7562 728.068
v -16.3609 47.0176 727.03
v -15.3574 43.5741 725.694
v 12.3311 -3.89 728.638
v -16.3471 -0.0172721 727.946
v 15.2881 1.13631 726.891
v -17.7591 10.3531 727.396
v -19.0602 16.4155 727.025
v 13.9568 20.3009 729.134
v 12.628 23.8893 728.296
v -18.1683 33.9573 729.286
v 12.1612 36.9222 730.221
v -9.85629 43.1841 729.099
v -19.0912 48.475 728.07
v 11.379 52.1427 729.184
v 23.2657 54.8403 731.022
v 25.2634 58.034 732.262
v 3.84529 40.7423 732.196
v 2.53073 40.1042 728.938
v 1.80941 39.1967 727.307
v -2.57793 38.3282 729.073
v -12.5615 -1.59903 726.405
v 15.2962 11.7678 727.647
v -16.4038 28.5209 726.595
v -8.3534 39.0935 729.622
v -8.62406 40.6657 730.656
v -0.0693444 37.5257 729.483
v -3.92147 38.2501 726.597
v -9.50574 40.6272 728.012
v -12.2071 41.9465 726.949
v 18.3767 48.9306 729.772
v 20.8549 51.7305 730.225
v 8.96398 48.0384 728.367
v 19.031 58.6262 728.746
v 8.70387 -7.33634 727.297
v 6.05515 -7.97411 726.991
v -17.1944 25.303 725.472
v -0.753629 -10.6281 725.743
v 3.29489 -9.75461 725.838
v -14.9624 2.70483 724.49
v 15.2072 3.87269 726.589
v 14.1985 6.52719 725.576
v -16.4288 8.14069 724.951
v 14.5621 15.3806 725.474
v -17.2929 21.8346 727.251
v -9.22189 38.6525 727.607
v 6.58771 43.0698 727.952
v 16.6296 45.2521 728.868
v 14.0666 51.8405 726.7
v -10.6112 -3.40833 723.145
v -19.0248 40.3226 725.137
v 16.5069 55.1141 727.79
v 10.2424 -7.08661 727.216
v -17.7875 19.5879 725.161
v -16.3784 22.8417 723.892
v 13.3499 27.5533 727.282
v -7.64254 38.2568 727.142
v 13.9646 36.8308 726.951
v 15.6434 40.8988 727.823
v 1.38396 38.5769 725.386
v -11.6481 39.2104 725.977
v -14.4443 40.233 724.849
v -17.9832 36.7635 725.765
v 11.7688 0.558864 724.33
v -15.1779 6.09889 722.407
v 13.8244 9.29455 724.05
v 13.0655 11.2245 722.952
v -16.2806 31.3692 724.31
v 13.0122 32.0551 725.584
v -11.0652 36.9567 725.129
v -5.50865 -7.65646 724.521
v 5.42194 -5.74349 724.692
v 8.14545 -4.98274 725.693
v -15.9055 11.3995 722.757
v -16.3291 28.8951 724.009
v -17.1612 33.9827 724.442
v 11.7888 47.7953 725.503
v 2.70372 -6.72114 723.709
v -1.35001 -6.92573 724.257
v 4.89712 -3.38586 722.263
v 13.3518 12.3852 721.021
v 7.38527 33.5676 722.375
v 3.38034 35.4303 722.123
v 4.63765 37.4571 724.305
v -13.972 37.1857 724.07
v 8.97688 39.0697 724.054
v 10.1097 43.1245 724.669
v 7.70158 -2.55139 723.958
v 9.98671 -4.98154 725.497
v -11.8424 1.72562 723.448
v 12.2916 2.65416 723.657
v -17.3123 13.8471 725.216
v -16.7928 16.9017 723.015
v 13.1584 19.4912 725.091
v -17.6238 26.9158 722.954
v 11.2572 23.4324 724.165
v 8.39094 35.6068 723.858
v -0.842995 36.1406 722.916
v -12.4066 4.64972 720.463
v 11.8704 26.9866 723.562
v -13.2084 31.9339 723.251
v -13.643 34.438 723.655
v 11.4175 -2.10982 724.254
v 11.9742 4.37456 722.424
v -17.1543 20.0972 721.138
v -13.87 29.2976 721.25
v -9.8434 35.4115 723.417
v 2.08922 -3.86283 721.177
v -6.04215 -3.83069 722.033
v -16.3504 14.5089 720.416
v -10.7675 32.4475 720.376
v -7.94307 34.9932 719.415
v -1.89932 -3.62044 721.509
v 11.4822 6.78162 721.843
v -15.5493 9.03715 719.811
v 11.622 8.11342 721.007
v 12.2519 12.4199 719.28
v 11.929 10.1565 716.578
v 13.1458 12.0347 716.593
v 2.26331 34.5203 718.933
v -2.63811 34.1617 719.624
v 3.64974 -0.609658 720.234
v 5.95024 -1.54562 720.756
v -9.6012 -0.0148542 720.503
v 7.65908 32.8576 719.477
v 11.146 0.26412 721.52
v 9.42824 -1.72379 720.791
v 11.3554 9.89671 719.088
v -18.6232 23.1277 719.396
v 9.19579 30.1234 719.255
v -6.19584 -0.7565 718.783
v 13.1843 19.0957 721.547
v 13.3016 22.6353 721.195
v 10.1577 4.86409 719.82
v -17.3515 17.7455 718.229
v 12.4403 26.2395 719.921
v 1.17788 -0.909536 718.701
v -2.22674 -1.13567 716.94
v 9.86921 3.64584 720.643
v 10.2058 1.83547 721.304
v 10.5533 5.46041 719.028
v 11.2442 5.15415 718.405
v -13.8373 7.07573 717.147
v -17.1766 11.7912 717.263
v -11.6401 30.1009 717.226
v 12.8229 10.562 714.796
v -14.8392 26.9425 718.099
v -8.418 32.6387 716.34
v 8.13792 0.655423 719.218
v -10.1258 3.07655 717.754
v 12.16 6.20489 717.732
v 1.14527 33.5806 715.331
v -3.63759 33.487 715.804
v -17.0671 15.3887 714.93
v -18.171 21.1241 715.873
v 13.5751 16.2988 722.647
v 14.3874 15.5174 719.195
v 5.78027 1.09079 718.791
v 8.09889 2.81221 718.736
v 13.9819 18.733 717.472
v 14.0051 21.7904 716.835
v -15.1185 24.9818 714.623
v 5.73076 32.9589 715.316
v 3.91082 1.17763 717.385
v 13.6589 11.6022 714.1
v 12.1923 26.0757 715.734
v -11.909 28.059 714.066
v 9.7445 29.9784 715.132
v 9.02424 4.05803 716.805
v 11.3808 4.47753 715.636
v 9.96883 3.83237 716.282
v -11.8984 5.30584 714.518
v -15.5525 9.01403 714.024
v 13.5745 9.04113 713.953
v 13.0136 10.494 712.319
v -10.1471 31.345 713.409
v -7.49255 1.48276 715.223
v 12.8967 7.95617 715.73
v -17.0131 19.2733 712.685
v 0.0559943 32.8058 711.475
v 1.97977 0.95431 715.386
v -9.64469 3.14598 711.106
v -13.6476 8.06357 711.356
v -4.66571 33.0071 712.041
v -4.34994 0.0296675 713.187
v 4.47278 2.29543 714.987
v 11.6887 18.5216 713.06
v 13.9381 15.3756 715.186
v 7.08437 3.58361 714.016
v 12.8915 6.39072 714.424
v 12.22 6.71984 712.461
v -16.3017 13.0981 711.578
v -14.6483 23.5994 711.258
v 8.55254 3.14667 713.388
v 12.3903 21.661 712.818
v 10.6524 24.8427 712.301
v -11.3563 26.3103 710.699
v 11.3929 8.27221 710.549
v -15.2808 17.3155 709.762
v 8.95252 28.7313 711.27
v 4.39374 0.851729 711.921
v 5.58331 1.78286 713.804
v 9.71701 3.12616 711.691
v -5.21501 31.4536 708
v 12.7703 12.9271 710.421
v 13.8496 14.5029 712.49
v 9.77674 23.6657 708.851
v -10.0565 30.3623 709.037
v 3.10062 1.61511 712.578
v 2.08857 -0.399532 711.383
v 6.19217 2.12773 712.391
v 7.29762 1.6825 711.554
v -13.5478 21.4915 708.186
v -0.731251 31.5489 707.424
v 8.57789 1.17519 710.461
v 9.12268 1.74205 708.198
v -14.4307 11.5201 708.815
v 11.687 10.6354 708.368
v 3.61825 -0.773712 710.251
v -1.52303 -0.655996 710.349
v -3.59539 -2.25977 708.925
v -6.30088 -0.268069 710.284
v 13.1026 17.1739 710.759
v 12.6369 21.5844 709.078
v -10.6494 24.2819 707.698
v 4.53716 32.07 711.293
v 3.78821 30.2801 707.198
v 5.99691 0.164553 710.141
v 10.4873 5.06636 708.407
v -9.40355 26.6254 705.921
v 3.37128 -3.58975 709.282
v 1.49623 -2.54288 709.344
v 6.85593 -0.445118 708.938
v -11.4128 6.29016 708.602
v 7.63746 27.233 707.782
v -1.28728 -4.45245 708.204
v 0.952137 -6.68509 708.325
v 4.75122 -0.692159 710.523
v 5.32424 0.64127 711.203
v 5.30127 -6.18829 709.408
v 5.50488 -2.07613 710.532
v 7.94373 -0.971256 707.519
v -10.3687 1.10428 707.854
v -7.5874 -1.94587 707.88
v 6.06728 -2.85451 708.756
v 9.76903 4.11149 705.632
v 10.4858 5.93528 704.171
v -12.5457 9.6394 706.208
v 12.3152 16.075 708.593
v 11.6586 13.433 706.423
v 2.86904 -9.89388 709.332
v 6.69884 2.52838 704.81
v -10.6456 3.98189 705.486
v -13.7484 15.4253 706.827
v -12.6855 19.8662 704.708
v -10.037 23.2362 705.462
v -5.54438 29.2033 704.075
v -1.57575 -9.29857 708.756
v 10.4197 7.94916 706.265
v 12.2739 20.4682 706.46
v 8.63865 22.0178 705.837
v -9.5915 23.7963 702.448
v -4.11286 -6.44817 706.826
v -5.25708 -3.61672 706.796
v -6.40535 0.625412 704.626
v 6.45726 4.43082 703.204
v -5.25361 -1.13739 704.048
v 5.75471 0.0730709 704.135
v 6.58531 25.6759 703.806
v 2.61557 28.6705 703.48
v -0.881901 -10.1094 706.51
v 6.79375 -5.77903 706.652
v -12.4801 6.91729 703.312
v -13.2993 13.2193 703.552
v 4.66492 -8.16161 705.861
v 7.12534 -2.9183 706.675
v -7.99886 1.50095 702.164
v 11.8574 10.3435 704.101
v 11.1588 16.6434 704.506
v 2.25206 2.02269 703.307
v 2.01309 4.01767 703.004
v -2.09112 1.3718 703.643
v 10.9516 7.43568 700.716
v -2.71358 3.53528 702.485
v -11.5979 16.4233 701.389
v -4.41943 -3.46156 702.697
v -1.5292 -0.360508 702.253
v -9.50283 2.44634 696.715
v -6.25951 2.0467 698.112
v -13.3599 10.5778 700.889
v 6.07113 -3.61722 701.671
v 5.9635 -2.05011 703.199
v 2.39915 0.158826 702.065
v 11.4313 13.5182 702.099
v 9.26666 19.1537 703.043
v -12.3101 21.0458 702.995
v -6.08232 26.3971 700.553
v -5.19666 -7.30305 701.185
v -11.9407 3.99174 700.146
v 8.37494 22.2679 702.098
v 4.99397 26.68 700.668
v 1.49022 26.6224 700.662
v -1.44224 29.3581 703.679
v -2.13123 26.8271 700.463
v 2.7174 -2.05405 701.333
v -0.951972 -2.59459 701.301
v 6.19711 4.14511 699.958
v 2.0485 3.77406 699.125
v -2.21619 3.26105 698.456
v 10.2549 16.3279 700.357
v 8.02468 24.9637 702.036
v 3.31069 -4.45756 701.823
v -0.493484 -5.03175 700.504
v 11.5244 13.7357 697.551
v 12.4005 10.7538 699.415
v -12.2109 13.7837 698.656
v 0.458567 24.2193 698.12
v 4.44242 25.6577 699.876
v 0.747701 -6.48217 700.474
v 10.0751 16.2624 696.024
v 2.91858 24.7533 698.6
v -2.50529 24.1309 697.626
v -7.78433 1.52802 693.752
v -5.30151 0.958988 695.116
v -5.86854 23.198 697.802
v 5.95797 2.44305 696.342
v -9.47204 22.0231 697.716
v 9.4609 21.501 697.04
v 9.81136 5.45179 695.492
v -12.1065 18.6668 699.601
v -0.00489376 21.6337 695.325
v 2.32792 21.8561 695.746
v -2.59525 21.4495 694.909
v 9.37556 19.0939 698.902
v 2.1045 1.77577 695.945
v 11.9818 8.66692 696.405
v 11.98 10.9368 694.243
v -5.33095 20.0753 695.513
v -12.612 8.13 697.63
v -8.51675 18.8615 695.51
v 3.76103 22.9987 695.447
v -11.1429 16.2564 696.738
v -4.54465 -1.75524 693.221
v -1.69606 1.17235 695.651
v -12.9177 11.9543 695.559
v 2.18709 -0.924694 693.068
v -10.2734 14.3139 694.098
v 7.37482 18.1898 694.755
v -1.3716 -1.32202 693.1
v -11.5745 5.93645 694.458
v 10.8839 13.1162 693.144
v 7.93047 15.9456 691.026
v -6.80075 -0.49158 691.632
v -7.46982 15.9392 693.252
v 5.74657 -1.04718 693.706
v -8.0095 1.86227 689.646
v 4.79694 16.1338 690.518
v -2.64087 19.2051 691.876
v -4.77362 -4.71573 691.404
v 9.16044 0.494334 692.289
v -5.3091 18.0301 692.289
v -0.105956 19.3122 692.232
v -10.5711 4.32711 691.26
v 10.7692 7.69536 691.956
v -1.41162 -3.86186 690.546
v 9.30105 4.0082 689.641
v 2.19538 -3.61802 690.152
v 5.65152 -4.27767 690.655
v 8.01147 -2.34262 689.377
v -6.93142 -3.44364 689.846
v 2.11754 18.8903 692.999
v 0.0160644 17.2879 688.864
v -6.1142 -5.79822 687.539
v -4.32577 -7.31346 689.06
v -7.01683 -0.750447 687.727
v -5.23072 15.8615 689.101
v -7.17757 13.9489 690.169
v 2.33013 16.699 689.667
v -2.66351 16.8717 688.752
v 1.79594 -6.6236 687.989
v -1.38802 -6.58838 688.388
v -10.1523 7.1149 689.621
v 9.80664 9.78799 690.114
v 5.22552 -7.26721 688.156
v 6.70111 -4.68907 686.243
v -8.37167 4.40105 687.679
v 8.57077 6.80533 687.432
v 7.193 12.5363 687.728
v -7.14739 1.76991 685.824
v -10.0701 13.2931 690.323
v -9.33505 10.5011 687.169
v -6.82161 11.5111 687.305
v 4.60279 13.4129 687.454
v -3.60406 -8.85195 686.492
v -1.4275 -9.17395 686.835
v 4.24808 -9.67334 684.572
v 0.917902 -9.56233 686.051
v 5.11219 -6.6504 682.991
v 7.96334 1.01668 687.067
v 6.28847 9.15054 685.891
v 2.34947 14.4081 686.339
v -2.5234 14.3047 685.855
v -5.27513 -7.92642 685.031
v 7.26231 4.0176 685.198
v -8.06068 6.8554 685.709
v -0.0773963 14.6652 685.823
v -6.59474 -0.583755 683.526
v 4.00405 10.4852 685.344
v 7.51034 -1.613 683.925
v -6.2744 -3.21776 685.524
v -6.23478 3.97738 684.505
v -4.20712 10.0313 684.78
v -6.01593 8.58373 685.308
v -4.75371 13.0078 686.58
v -0.14056 11.4921 684.358
v -2.1657 10.9859 684.57
v -1.9348 -10.8922 684.985
v 5.05129 6.35189 684.146
v 1.92768 11.3228 684.719
v -3.19894 -10.6814 684.913
v -5.35352 -5.73443 683.305
v -5.0887 1.57269 682.542
v -3.54613 -9.77387 682.89
v -4.68261 5.72636 683.904
v -3.7688 7.45226 682.826
v -1.05092 -10.9925 682.994
v -4.73315 -3.01631 681.372
v 5.66904 1.72571 682.648
v 3.70335 4.30709 681.904
v 0.831386 -9.67017 681.615
v 1.79197 -6.84661 680.092
v -2.66318 -7.97661 681.497
v 5.30438 -3.55779 680.761
v -2.73161 5.05922 681.122
v -3.90762 3.45158 681.758
v 2.22699 -3.81722 678.838
v -1.89015 -5.38457 679.914
v 3.70307 -0.0371176 680.355
v 3.21253 8.07418 683.275
v -1.2165 -2.69569 678.873
v 2.26011 6.45701 680.839
v 1.45511 8.80592 683.015
v -0.655846 -0.484684 678.027
v -0.385571 1.30101 678.095
v 0.817397 1.82387 678.713
v -1.76079 3.01287 679.385
v -2.4958 1.32165 679.903
v 0.979472 7.85134 680.299
v 2.40938 2.90241 679.386
v -0.0972282 7.17422 680.324
v 0.673466 5.35268 678.857
v -0.741403 4.2623 678.975
v 4.32565 -33.2889 746.198
v -10.6745 -36.4308 758.629
v -13.9342 -35.7182 756.72
v 17.4854 -31.4876 755.492
v -0.276066 -47.3451 780.222
v -17.086 -51.9777 773.623
v 13.4832 -63.8948 755.457
v 10.1075 -59.4538 761.993
v -7.18574 -44.6442 784.513
v -9.10615 -42.7995 787.364
v -9.54585 -62.4838 757.583
v -5.3898 -51.3079 774.346
v -6.99385 -49.3641 777.284
v -11.683 -36.2281 754.77
v 10.2609 -54.2014 769.809
v -13.7573 -32.8417 758.558
v 9.64861 -64.8041 754.026
v 7.84001 35.1438 765.114
v -10.9013 -55.1911 768.628
v -12.1257 -43.909 785.786
v 5.93789 -65.6197 752.803
v -5.42711 7.57073 774.02
v 3.40567 42.0389 733.886
v 28.0582 52.3058 761.005
v -8.77496 41.2402 763.69
v -8.02806 -39.8468 791.903
v -0.179211 8.76613 682.826
v 0.114443 0.32092 713.131
v -3.28719 -0.721726 680.746
v 18.8579 64.4039 750.298
v 34.6141 65.1522 734.329
v -8.69064 44.9053 736.715
v 15.6063 -55.2269 768.43
v 35.6607 -57.5858 763.257
v 11.4621 -62.7991 740.28
v -12.1636 27.8964 777.238
v -6.61542 42.6391 742.683
v -12.1671 9.3615 692.389
v 7.9982 30.7816 766.622
v 24.6118 -60.3474 760.861
v 25.894 -20.0497 779.595
v 5.58645 44.677 756.807
v 21.121 7.78842 742.571
v 4.48245 18.8405 693.662
v -1.99493 8.45036 682.581
v 17.1971 28.2129 778.28
v 22.4946 3.90222 748.159
v 11.8203 8.92132 719.835
v 6.87589 2.79566 715.682
v -1.63528 6.35311 680.412
v 2.13389 -1.25389 677.621
v 6.18645 2.4717 717.059
v 8.44852 3.8004 717.768
v 34.4253 62.2715 760.249
v -5.77689 37.0543 723.207
v 10.2037 30.7082 722.686
v 6.00649 39.7271 726.196
v 5.22506 -46.3398 738.992
v 1.69994 40.7355 735.254
v 19.498 -32.5288 745.602
v -7.18284 -32.4332 747.344
v 14.8843 -5.72338 748.035
v 23.9419 -38.0169 757.151
v -26.675 -20.8308 754.828
v 25.8798 -10.4173 758.777
v 16.9758 11.8559 770.781
v -2.48078 42.4317 745.615
v 6.15976 -29.6379 748.38
v -25.1993 -12.0292 759.394
f 2 3 1 4
f 1 12 11 9
f 10 8 2 4
f 6 5 3 2
f 3 16 12 1
f 27 16 3 5
f 4 1 9 13
f 4 13 17 10
f 8 7 6 2
f 36 5 6 28
f 28 6 7 34
f 21 7 8 14
f 9 11 20 22
f 9 22 23 13
f 14 8 10 15
f 18 19 11 12
f 12 16 24 18
f 31 17 13 23
f 15 10 17 26
f 25 14 15 26
f 17 31 32 26
f 33 19 18 37
f 43 37 18 24
f 20 11 19 35
f 19 33 38 35
f 39 22 20 61
f 21 14 25 29
f 34 7 21 46
f 23 22 39 47
f 74 23 47 76
f 24 16 27 51
f 30 25 26 32
f 27 5 36 44
f 27 44 58 51
f 29 25 30 48
f 46 21 29 55
f 62 48 30 49
f 74 56 31 23
f 49 30 32 50
f 32 31 56 50
f 45 28 34 68
f 61 20 35 81
f 45 42 36 28
f 60 33 37 63
f 38 33 60 67
f 81 35 38 72
f 40 41 42 45
f 68 71 40 45
f 70 54 40 71
f 41 40 54 65
f 57 53 41 65
f 44 36 42 52
f 53 52 42 41
f 51 79 43 24
f 43 69 63 37
f 59 58 44 52
f 68 34 46 92
f 47 39 75 76
f 55 29 48 73
f 49 50 78 112
f 49 112 95 62
f 50 56 77 78
f 80 79 51 58
f 53 84 59 52
f 90 84 53 57
f 92 46 55 88
f 56 74 132 77
f 57 65 64 2465
f 118 90 57 2465
f 96 80 58 59
f 117 96 59 84
f 91 67 60 98
f 60 63 97 98
f 75 39 61 101
f 62 82 73 48
f 62 95 94 82
f 63 69 137 97
f 104 2465 64 87
f 66 64 65 54
f 66 54 70 99
f 66 85 87 64
f 72 38 67 123
f 139 123 67 91
f 68 92 121 71
f 69 43 79 83
f 69 83 135 137
f 141 99 70 113
f 113 70 71 121
f 72 123 122 93
f 88 55 73 89
f 74 76 107 115
f 131 132 74 115
f 75 101 114 105
f 76 75 105 107
f 110 78 77 133
f 111 112 78 110
f 80 127 83 79
f 128 127 80 96
f 81 72 93 100
f 101 61 81 100
f 82 109 89 73
f 82 94 108 109
f 86 87 85 150
f 85 66 99 154
f 151 150 85 154
f 86 119 120 103
f 103 104 87 86
f 102 88 89 106
f 117 84 90 216
f 149 169 91 98
f 102 121 92 88
f 94 134 140 108
f 95 112 111 116
f 95 116 134 94
f 96 117 148 128
f 98 97 138 149
f 99 141 153 154
f 114 101 100 158
f 100 93 157 158
f 2459 2449 104 103
f 106 89 109 130
f 124 102 106 126
f 125 126 106 130
f 107 105 114 142
f 129 130 109 108
f 111 110 161 146
f 114 158 185 142
f 115 107 142 143
f 116 111 146 201
f 118 214 216 90
f 119 86 150 152
f 119 152 164 136
f 120 119 136 193
f 2459 103 120 192
f 121 102 124 113
f 122 123 139 163
f 157 93 122 180
f 122 163 234 180
f 124 156 141 113
f 155 156 124 126
f 248 159 125 160
f 159 155 126 125
f 135 83 127 230
f 230 127 128 231
f 348 231 128 148
f 140 187 129 108
f 186 160 129 187
f 130 129 160 125
f 143 144 131 115
f 145 132 131 188
f 133 77 132 145
f 161 110 133 171
f 172 171 133 145
f 168 140 134 226
f 134 116 201 226
f 213 212 135 230
f 176 193 136 166
f 138 97 137 147
f 137 135 212 147
f 195 194 138 147
f 197 149 138 194
f 139 91 169 179
f 139 179 222 163
f 140 168 199 187
f 142 185 184 143
f 198 144 143 184
f 144 189 188 131
f 144 198 224 189
f 252 172 145 188
f 148 117 216 266
f 148 266 265 348
f 152 150 151 162
f 178 164 152 162
f 153 141 156 170
f 153 170 206 167
f 154 153 167 151
f 156 155 182 170
f 158 157 181 185
f 159 183 182 155
f 161 210 211 146
f 162 151 167 220
f 162 220 233 178
f 164 165 166 136
f 178 219 165 164
f 196 166 165 205
f 246 205 165 219
f 177 176 166 196
f 314 220 167 206
f 169 149 197 232
f 221 179 169 232
f 209 208 171 172
f 171 208 210 161
f 172 252 251 209
f 173 174 175 218
f 173 191 190 174
f 173 218 274 191
f 174 190 203 175
f 176 305 204 193
f 176 177 267 305
f 244 267 177 196
f 179 221 286 222
f 181 157 180 247
f 184 185 181 223
f 182 235 206 170
f 235 182 183 317
f 248 249 183 159
f 316 317 183 249
f 184 223 250 198
f 248 160 186 287
f 289 287 186 290
f 187 199 290 186
f 188 189 207 252
f 190 191 227 339
f 282 203 190 339
f 273 227 191 274
f 192 120 193 204
f 192 228 229 2459
f 194 328 284 197
f 194 195 326 328
f 195 147 212 264
f 195 264 370 326
f 245 244 196 205
f 268 232 197 284
f 225 269 199 168
f 307 290 199 269
f 201 202 200 226
f 270 225 200 355
f 200 202 271 355
f 211 202 201 146
f 202 211 237 271
f 203 275 217 175
f 228 192 204 262
f 206 235 333 314
f 207 189 224 278
f 306 291 207 278
f 236 210 208 336
f 209 377 336 208
f 209 251 414 377
f 237 211 210 236
f 263 264 212 213
f 213 230 231 243
f 345 263 213 243
f 2449 2448 214 118
f 216 214 215 266
f 387 2444 215 325
f 2448 325 215 214
f 218 175 217 261
f 217 275 276 260
f 283 274 218 261
f 219 178 233 350
f 268 285 221 232
f 221 285 351 286
f 234 163 222 332
f 222 286 398 332
f 223 181 247 400
f 223 400 2480 250
f 224 198 250 277
f 279 278 224 277
f 226 200 225 168
f 354 269 225 270
f 227 258 293 339
f 227 273 312 259
f 324 229 228 367
f 368 367 228 262
f 229 324 325 2448
f 229 2448 2449 2459
f 314 352 233 220
f 412 350 233 352
f 247 180 234 315
f 234 332 399 315
f 308 271 237 430
f 237 236 335 430
f 238 239 240 253
f 238 272 242 239
f 238 253 379 393
f 238 393 394 272
f 240 239 241 254
f 337 253 240 254
f 241 239 242 258
f 241 259 318 254
f 447 383 242 272
f 348 438 243 231
f 244 371 372 267
f 245 205 246 349
f 371 244 245 410
f 246 219 350 373
f 248 287 288 249
f 389 277 250 2480
f 252 207 291 251
f 405 379 253 337
f 340 280 255 257
f 257 255 256 382
f 281 310 256 255
f 341 340 257 382
f 259 241 258 227
f 258 242 383 293
f 416 318 259 312
f 261 217 260 343
f 302 301 260 363
f 262 204 305 386
f 369 370 264 263
f 409 347 265 2444
f 266 215 2444 265
f 267 372 386 305
f 329 330 268 284
f 331 285 268 330
f 446 307 269 354
f 270 355 356 428
f 403 354 270 428
f 356 355 271 308
f 273 360 417 312
f 274 283 360 273
f 282 296 275 203
f 296 320 276 275
f 276 459 363 260
f 276 320 460 459
f 306 278 279 402
f 389 427 279 277
f 281 255 280 292
f 280 294 295 292
f 280 340 297 294
f 2485 311 281 292
f 359 296 282 338
f 283 261 343 384
f 433 360 283 384
f 285 331 411 351
f 286 351 442 398
f 375 288 287 289
f 316 249 288 392
f 450 375 289 376
f 376 289 290 307
f 291 306 334 452
f 291 452 414 251
f 295 294 298 313
f 295 313 361 418
f 295 418 2485 292
f 491 320 296 359
f 298 294 297 299
f 319 299 297 342
f 297 340 341 342
f 299 321 322 298
f 300 301 302 303
f 408 301 300 461
f 462 461 300 304
f 343 260 301 408
f 304 300 303 323
f 364 323 303 302
f 304 323 366 420
f 304 420 564 462
f 306 402 401 334
f 519 376 307 446
f 415 356 308 431
f 406 310 309 523
f 309 381 520 523
f 311 309 310 281
f 380 256 310 406
f 357 358 311 2485
f 381 309 311 358
f 489 416 312 417
f 322 344 313 298
f 582 361 313 344
f 314 333 425 352
f 400 247 315 413
f 315 399 443 413
f 333 235 317 353
f 317 316 374 353
f 318 503 337 254
f 502 503 318 416
f 299 319 362 321
f 319 342 455 480
f 319 480 493 362
f 320 491 492 460
f 321 463 464 465
f 322 321 465 467
f 365 366 323 364
f 387 325 324 2452
f 324 367 531 2452
f 327 328 326 346
f 329 284 328 327
f 388 330 329 396
f 423 396 329 327
f 330 388 397 331
f 470 411 331 397
f 333 353 499 425
f 335 236 336 378
f 453 430 335 475
f 335 378 474 475
f 557 405 337 503
f 338 282 339 293
f 338 293 383 2475
f 455 342 341 504
f 467 546 344 322
f 344 546 580 582
f 369 263 345 513
f 345 243 438 516
f 345 516 515 513
f 370 422 346 326
f 423 327 346 421
f 348 265 347 438
f 349 246 373 441
f 349 440 410 245
f 349 441 534 440
f 351 411 517 442
f 473 446 354 403
f 429 428 356 415
f 358 357 407 432
f 488 381 358 432
f 562 491 359 560
f 359 338 2475 560
f 419 418 361 456
f 457 456 361 582
f 362 493 463 321
f 364 302 363 385
f 395 365 364 385
f 435 366 365 509
f 365 395 508 509
f 366 435 511 420
f 367 368 468 531
f 386 448 368 262
f 369 513 514 436
f 370 369 436 422
f 496 495 371 410
f 371 495 528 372
f 448 386 372 528
f 373 350 412 424
f 392 444 374 316
f 499 353 374 553
f 392 288 375 500
f 378 336 377 404
f 379 405 556 476
f 380 576 382 256
f 380 406 559 575
f 521 520 381 488
f 382 576 504 341
f 383 447 454 2475
f 408 434 384 343
f 385 363 459 458
f 482 395 385 458
f 409 2444 387 529
f 387 2452 2451 529
f 390 391 389 2480
f 445 427 389 391
f 400 413 390 2480
f 390 471 518 391
f 393 379 476 541
f 477 394 393 541
f 447 272 394 478
f 394 477 592 478
f 439 388 396 449
f 469 449 396 423
f 439 497 397 388
f 399 332 398 486
f 401 402 426 672
f 451 334 401 752
f 753 752 401 672
f 427 426 402 279
f 404 377 414 487
f 474 378 404 539
f 406 523 524 559
f 407 357 419 479
f 408 461 481 434
f 437 347 409 530
f 425 536 412 352
f 471 390 413 443
f 415 431 501 543
f 415 543 591 429
f 417 360 433 505
f 419 357 2485 418
f 421 346 422 607
f 469 423 421 606
f 441 373 424 498
f 536 551 424 412
f 445 623 426 427
f 671 672 426 623
f 2461 403 428 429
f 429 591 613 2461
f 431 308 430 453
f 594 558 432 407
f 433 384 434 506
f 433 506 578 505
f 634 585 435 509
f 436 608 607 422
f 436 514 667 608
f 438 347 437 516
f 515 516 437 548
f 439 449 494 549
f 439 549 568 497
f 440 533 496 410
f 441 498 569 534
f 486 398 442 552
f 442 517 587 552
f 486 535 443 399
f 500 625 444 392
f 553 374 444 622
f 670 622 444 625
f 518 653 445 391
f 445 653 687 623
f 446 473 642 519
f 448 2445 468 368
f 448 528 713 2445
f 500 375 450 538
f 450 376 519 732
f 452 334 451 472
f 554 472 451 590
f 640 590 451 752
f 487 414 452 472
f 501 431 453 555
f 454 447 478 544
f 454 544 629 561
f 455 504 596 599
f 455 599 600 480
f 456 490 479 419
f 490 456 457 602
f 601 602 457 581
f 458 459 460 507
f 563 482 458 507
f 579 507 460 492
f 545 481 461 462
f 617 545 462 564
f 618 464 463 604
f 464 483 466 465
f 584 483 464 618
f 467 465 466 510
f 466 483 484 485
f 467 510 526 546
f 494 449 469 566
f 470 397 497 611
f 470 570 517 411
f 471 443 535 589
f 471 589 621 518
f 473 540 542 642
f 473 403 2461 540
f 555 453 475 573
f 475 474 572 573
f 477 541 540 571
f 479 598 594 407
f 597 598 479 490
f 506 434 481 603
f 508 395 482 680
f 512 484 483 584
f 510 466 485 565
f 485 484 512 527
f 588 535 486 552
f 487 674 539 404
f 487 472 554 674
f 558 522 488 432
f 502 416 489 614
f 505 630 489 417
f 677 614 489 630
f 525 492 491 562
f 492 525 662 579
f 493 480 600 631
f 604 463 493 631
f 609 610 495 496
f 713 528 495 610
f 496 533 727 609
f 551 612 498 424
f 536 425 499 537
f 501 555 643 626
f 661 593 502 614
f 593 557 503 502
f 644 578 506 603
f 507 579 724 563
f 508 680 679 785
f 785 634 509 508
f 564 420 511 605
f 585 586 511 435
f 511 586 646 605
f 514 513 515 696
f 2454 696 515 548
f 638 587 517 570
f 524 523 520 627
f 521 488 522 573
f 521 573 572 690
f 627 520 521 2505
f 522 558 628 643
f 692 559 524 702
f 526 510 565 619
f 526 583 580 546
f 565 485 527 709
f 632 633 527 512
f 710 709 527 633
f 530 409 529 567
f 682 567 529 2451
f 548 437 530 684
f 683 684 530 567
f 531 468 532 547
f 531 547 2451 2452
f 742 2458 532 740
f 532 468 2445 740
f 533 440 534 648
f 535 588 650 589
f 550 551 536 537
f 537 499 553 651
f 538 624 625 500
f 538 450 732 772
f 794 624 538 772
f 539 675 572 474
f 613 571 540 2461
f 542 540 541 476
f 542 476 556 754
f 543 501 626 659
f 658 591 543 659
f 544 478 592 720
f 703 629 544 720
f 603 481 545 663
f 682 2451 547 746
f 2458 746 547 532
f 823 2454 548 684
f 549 494 620 637
f 651 652 550 537
f 768 649 550 652
f 649 612 551 550
f 639 588 552 587
f 554 641 689 674
f 556 405 557 574
f 757 754 556 574
f 557 593 676 574
f 558 594 595 628
f 562 560 561 615
f 776 615 561 629
f 2475 454 561 560
f 562 615 616 525
f 563 707 680 482
f 566 469 606 845
f 620 494 566 744
f 611 497 568 685
f 568 549 637 698
f 728 685 568 698
f 569 498 612 700
f 569 668 648 534
f 788 668 569 700
f 570 470 611 669
f 592 477 571 660
f 571 613 657 660
f 643 555 573 522
f 756 757 574 676
f 575 577 576 380
f 575 559 692 693
f 596 504 576 577
f 577 575 693 704
f 630 505 578 722
f 735 722 578 644
f 582 580 581 457
f 581 580 583 778
f 583 526 619 763
f 583 763 764 778
f 584 645 632 512
f 647 586 635 666
f 586 585 665 635
f 686 639 587 638
f 807 650 588 639
f 641 554 590 673
f 801 676 593 661
f 594 598 802 595
f 691 628 595 721
f 596 577 704 705
f 602 695 597 490
f 597 695 2457 2478
f 598 597 2478 802
f 705 706 599 596
f 600 599 706 678
f 778 779 601 581
f 932 694 601 779
f 694 695 602 601
f 759 644 603 663
f 604 736 708 618
f 617 564 605 664
f 725 664 605 646
f 607 636 606 421
f 606 636 914 845
f 607 608 681 636
f 711 610 609 747
f 609 727 766 747
f 612 649 749 700
f 658 657 613 591
f 616 864 662 525
f 776 777 616 615
f 616 777 841 864
f 663 545 617 737
f 762 737 617 664
f 618 708 645 584
f 619 565 709 781
f 619 781 782 763
f 650 701 621 589
f 653 518 621 792
f 621 701 750 792
f 622 751 651 553
f 624 794 797 830
f 830 670 625 624
f 702 524 627 758
f 627 2505 815 758
f 629 703 926 776
f 775 677 630 722
f 631 600 678 760
f 736 604 631 760
f 633 632 738 879
f 634 739 665 585
f 784 739 634 785
f 636 681 786 914
f 637 620 743 787
f 638 570 669 699
f 639 686 789 807
f 673 590 640 714
f 640 752 753 770
f 808 714 640 770
f 656 689 641 715
f 641 673 714 715
f 642 733 732 519
f 754 733 642 542
f 691 626 643 628
f 738 632 645 819
f 645 708 780 819
f 646 586 647 726
f 866 725 646 726
f 647 666 821 726
f 727 533 648 729
f 749 649 853 940
f 917 701 650 903
f 751 790 652 651
f 653 792 791 687
f 654 655 656 688
f 717 716 654 858
f 655 654 716 690
f 675 689 656 655
f 658 774 755 657
f 691 773 659 626
f 659 773 774 658
f 660 719 720 592
f 660 657 755 719
f 677 816 661 614
f 661 816 861 801
f 662 723 724 579
f 2464 723 662 864
f 665 805 666 635
f 665 739 867 805
f 666 805 806 821
f 681 608 667 849
f 667 514 696 2472
f 848 849 667 2472
f 729 648 668 748
f 685 728 669 611
f 751 622 670 793
f 856 793 670 830
f 687 769 671 623
f 829 828 671 769
f 672 671 828 753
f 675 539 674 689
f 690 572 675 655
f 860 756 676 801
f 875 816 677 775
f 678 706 817 842
f 678 842 843 760
f 679 680 707 765
f 953 783 679 765
f 683 567 682 697
f 745 697 682 746
f 823 684 683 868
f 958 868 683 697
f 686 638 699 730
f 686 730 870 789
f 881 769 687 791
f 715 731 688 656
f 688 857 858 654
f 836 773 691 721
f 839 863 693 692
f 693 863 862 704
f 928 930 694 932
f 2457 695 694 930
f 822 2472 696 2454
f 697 745 850 958
f 767 728 698 827
f 698 637 787 827
f 699 669 728 767
f 1029 750 701 917
f 839 692 702 837
f 719 874 703 720
f 704 862 840 705
f 706 705 840 817
f 724 761 707 563
f 707 761 892 765
f 709 710 820 781
f 710 633 879 911
f 711 712 713 610
f 895 741 712 711
f 712 740 2445 713
f 731 715 714 808
f 815 2505 716 718
f 718 716 717 734
f 871 734 717 882
f 718 734 800 943
f 924 815 718 943
f 887 874 719 755
f 802 804 721 595
f 951 818 723 2464
f 724 723 818 761
f 762 664 725 865
f 766 727 729 851
f 767 869 730 699
f 731 987 857 688
f 731 808 922 987
f 771 772 732 733
f 814 800 734 871
f 735 644 759 910
f 735 876 775 722
f 780 708 736 890
f 736 760 843 890
f 737 844 759 663
f 737 762 893 844
f 738 819 878 955
f 1143 2493 955 1083
f 2493 974 975 879
f 1100 974 2493 1122
f 741 742 740 712
f 742 825 826 2458
f 742 741 1066 825
f 743 620 744 897
f 743 897 898 899
f 744 566 845 847
f 746 2458 826 745
f 747 896 895 711
f 747 766 960 896
f 788 852 748 668
f 851 729 748 852
f 788 700 749 900
f 901 902 749 940
f 749 902 961 900
f 750 1029 1030 1003
f 754 798 771 733
f 799 798 754 757
f 799 757 756 886
f 758 838 837 702
f 908 910 759 844
f 761 818 891 892
f 782 877 764 763
f 764 877 952 931
f 767 827 937 869
f 768 652 790 1152
f 853 649 768 1027
f 1028 1027 768 1152
f 769 881 986 829
f 828 831 770 753
f 794 772 771 795
f 771 798 832 795
f 773 836 884 774
f 887 755 774 884
f 889 841 777 947
f 777 776 926 947
f 931 779 778 764
f 878 819 780 2463
f 780 890 992 2463
f 781 820 1098 782
f 1014 877 782 1098
f 783 784 785 679
f 867 739 784 912
f 784 783 954 912
f 846 914 786 935
f 786 681 849 894
f 786 894 2479 935
f 899 959 787 743
f 787 959 937 827
f 788 900 1039 852
f 938 807 789 1040
f 789 870 1020 1040
f 793 1002 790 751
f 790 1002 1001 1152
f 791 1003 1004 881
f 1003 791 792 750
f 793 856 985 1002
f 794 795 796 797
f 796 811 812 809
f 832 811 796 795
f 809 810 797 796
f 2508 810 1006 1071
f 2508 1071 1072 942
f 859 832 798 799
f 799 886 923 859
f 800 967 965 943
f 1047 967 800 814
f 803 804 802 2478
f 804 946 836 721
f 945 946 804 803
f 806 805 867 913
f 934 821 806 976
f 903 650 807 938
f 808 770 831 922
f 809 812 834 989
f 963 810 809 989
f 813 812 811 833
f 813 835 834 812
f 813 873 883 835
f 1046 1047 814 871
f 815 924 838 758
f 906 861 816 875
f 971 842 817 949
f 820 710 911 1123
f 1099 1098 820 1123
f 821 934 866 726
f 823 824 822 2454
f 824 823 868 880
f 824 2447 1016 822
f 825 977 956 826
f 825 1066 1065 977
f 850 745 826 956
f 831 828 829 1073
f 829 986 1070 1073
f 830 2508 942 856
f 1005 922 831 1073
f 833 811 832 859
f 833 872 873 813
f 923 872 833 859
f 964 834 835 1115
f 1008 884 836 946
f 925 839 837 968
f 968 837 838 1032
f 838 924 1007 1032
f 840 862 927 969
f 949 817 840 969
f 841 889 1157 1095
f 843 842 971 972
f 1082 908 844 893
f 846 847 845 914
f 2473 847 846 1037
f 847 2473 897 744
f 848 1016 1017 994
f 849 848 994 894
f 850 1038 957 958
f 960 766 851 916
f 916 851 852 1039
f 2455 855 854 905
f 854 855 982 904
f 962 939 855 1021
f 855 2455 2442 1021
f 856 942 1059 985
f 1044 858 857 1060
f 857 987 1114 1060
f 858 1044 882 717
f 860 801 861 888
f 860 885 886 756
f 990 888 861 906
f 863 839 925 948
f 863 948 927 862
f 1095 2464 864 841
f 866 933 865 725
f 893 762 865 973
f 868 958 957 880
f 870 730 869 915
f 978 915 869 937
f 870 915 996 1020
f 871 882 1045 1046
f 944 1048 872 923
f 872 1048 966 873
f 874 1050 926 703
f 875 775 876 907
f 991 906 875 907
f 876 735 910 909
f 970 907 876 909
f 1124 911 879 975
f 880 957 1036 1148
f 2447 824 880 1148
f 1088 986 881 1004
f 883 873 966 1031
f 1115 835 883 1204
f 1049 887 884 1008
f 885 860 888 1009
f 944 923 886 885
f 1050 874 887 1049
f 1156 1157 889 1155
f 890 843 972 992
f 951 1012 891 818
f 1142 1141 891 1012
f 891 1141 1175 892
f 953 765 892 1175
f 1081 1082 893 973
f 894 994 1257 2479
f 1066 741 895 995
f 995 895 896 1018
f 936 898 897 2473
f 1103 1068 898 936
f 899 898 1068 1069
f 900 961 1087 1039
f 902 901 939 962
f 902 962 1041 961
f 997 1025 903 998
f 903 938 1055 998
f 905 854 904 941
f 904 1182 1181 941
f 1309 904 982 1448
f 905 941 1056 2441
f 905 2441 2442 2455
f 906 991 1079 990
f 907 970 1062 991
f 909 910 908 950
f 1033 950 908 1082
f 1053 970 909 950
f 913 867 912 993
f 976 806 913 1015
f 913 993 1212 1015
f 915 978 1019 996
f 1105 960 916 1086
f 917 903 1025 1029
f 981 980 918 920
f 918 980 1023 1106
f 1024 919 918 1106
f 920 918 919 921
f 919 983 984 921
f 1000 981 920 921
f 921 984 1110 1000
f 1114 987 2504 1172
f 924 943 965 1007
f 1078 948 925 1135
f 925 968 1117 1135
f 926 1050 1051 947
f 927 948 1078 1227
f 929 930 928 1052
f 928 932 1011 1034
f 1010 2457 930 929
f 932 779 931 1011
f 931 952 1013 1011
f 933 866 934 1035
f 933 1063 973 865
f 934 976 1084 1165
f 1037 846 935 1054
f 1235 1054 935 2479
f 982 855 939 1430
f 1057 1275 939 901
f 1364 1430 939 1275
f 940 853 1027 1058
f 1057 901 940 1058
f 1258 1056 941 1181
f 1009 1188 944 885
f 1173 1048 944 1188
f 945 803 1010 1077
f 1076 1075 945 1077
f 1075 1008 946 945
f 1155 889 947 1051
f 949 969 1093 1094
f 949 1094 1137 971
f 1138 1053 950 1033
f 1118 1012 951 1097
f 952 877 1014 1161
f 952 1161 1162 1013
f 954 783 953 1121
f 993 912 954 1101
f 954 1121 1120 1101
f 955 878 1064 1083
f 1038 850 956 1067
f 1102 1036 957 1038
f 978 937 959 1085
f 959 899 1069 1085
f 1018 896 960 1105
f 962 1021 1150 1041
f 963 989 988 1061
f 1006 810 963 1187
f 964 988 989 834
f 1153 1074 964 1115
f 1091 1007 965 1092
f 966 1222 1223 1031
f 1092 965 967 1154
f 967 1047 1134 1154
f 1227 1093 969 927
f 970 1053 1158 1062
f 1137 1140 972 971
f 972 1140 1139 992
f 1163 1081 973 1063
f 974 1100 1126 1127
f 1128 975 974 1127
f 976 1015 1129 1084
f 977 2450 1067 956
f 978 1085 1180 1019
f 980 981 979 999
f 979 1026 997 999
f 979 981 1000 1043
f 1042 1026 979 1043
f 1536 1520 982 1430
f 983 919 1024 2443
f 983 2443 1219 1109
f 1109 1110 984 983
f 988 964 1074 1090
f 988 1090 1293 1061
f 1009 888 990 1116
f 1189 1116 990 1079
f 1211 1212 993 1101
f 1065 1066 995 1217
f 1040 1020 996 1171
f 996 1019 1169 1171
f 999 997 998 1022
f 1022 998 2502 1023
f 999 1022 1023 980
f 1132 1001 1002 985
f 1003 1030 1241 1004
f 1133 2504 1005 1089
f 1057 1058 1006 1187
f 2503 1220 1113 1071
f 1010 929 1080 1077
f 1010 803 2478 2457
f 1119 1034 1011 1013
f 1014 1098 1099 1194
f 1015 1212 1232 1129
f 1147 1017 1016 2447
f 1016 848 2472 822
f 1257 994 1017 1255
f 1167 1168 1018 1105
f 1217 995 1018 1303
f 1018 1168 1284 1303
f 1338 1150 1021 2442
f 1023 2502 1107 1106
f 1025 997 1026 1131
f 1030 1029 1025 1131
f 1058 1027 1028 2503
f 1220 2503 1028 1151
f 1030 1131 1196 1241
f 1031 1203 1204 883
f 1031 1223 1365 1203
f 1032 1007 1091 1205
f 1032 1205 1117 968
f 1316 1138 1033 1193
f 1034 2481 1052 928
f 1249 2481 1034 1119
f 1063 933 1035 1164
f 1035 934 1165 1178
f 1036 1102 1233 1149
f 1037 1054 1179 1104
f 1145 1102 1038 1067
f 1086 916 1039 1087
f 1055 938 1040 1171
f 1087 961 1041 1195
f 1237 1195 1041 1150
f 1131 1026 1042 1196
f 1110 1112 1043 1000
f 1111 1042 1043 1112
f 1044 1199 1045 882
f 1198 1199 1044 1060
f 1045 1201 1202 1046
f 1134 1047 1046 1202
f 1222 966 1048 1173
f 1049 1136 1051 1050
f 1049 1008 1075 1136
f 1080 929 1052 1313
f 1247 1158 1053 1138
f 1218 1107 2502 1274
f 1273 1274 1055 1171
f 1186 1275 1057 1187
f 1059 942 1072 1185
f 1132 985 1059 1221
f 1061 1186 1187 963
f 1079 991 1062 1191
f 1279 1191 1062 1158
f 1064 1159 1160 1209
f 1210 1083 1064 1209
f 1064 878 2463 1159
f 2450 977 1065 1216
f 1323 1145 1067 2450
f 1166 1069 1068 1103
f 1069 1166 1180 1085
f 1070 986 1088 1290
f 1070 1290 1291 1089
f 1072 1071 1113 1185
f 1089 1005 1073 1070
f 1075 1076 1190 1136
f 1230 1076 1077 1080
f 1078 1135 1225 1266
f 1228 1227 1078 1266
f 1226 1189 1079 1191
f 1229 1230 1080 1313
f 1082 1081 1193 1033
f 1084 1129 1352 1213
f 1170 1086 1087 1195
f 1088 1004 1241 1327
f 1089 1291 1242 1133
f 1153 1200 1090 1074
f 1292 1293 1090 1200
f 1091 1092 1224 1243
f 1091 1243 1263 1205
f 1092 1154 1262 1224
f 1093 1245 1246 1094
f 1096 1097 1095 1157
f 1096 1157 1156 1344
f 1335 1192 1096 1344
f 1192 1118 1097 1096
f 2464 1095 1097 951
f 1393 1211 1101 1120
f 1103 936 1104 1130
f 1236 1166 1103 1130
f 1104 936 2473 1037
f 1105 1086 1170 1167
f 1106 1107 1108 1024
f 1238 1108 1107 1218
f 1108 1478 2443 1024
f 1110 1109 1183 1112
f 1196 1042 1111 1260
f 1197 1111 1112 1183
f 1114 1172 1184 1261
f 1198 1060 1114 1431
f 1114 1261 1328 1431
f 1296 1153 1115 1204
f 1116 1207 1188 1009
f 1225 1135 1117 1244
f 1263 1244 1117 1205
f 1142 1012 1118 1280
f 1162 1208 1119 1013
f 1250 1249 1119 1208
f 1175 1176 1121 953
f 1391 1120 1121 1176
f 1126 1100 1122 1252
f 1143 1251 1122 2493
f 1124 1125 1123 911
f 1177 1099 1123 1125
f 1124 975 1128 1144
f 1125 1124 1144 1231
f 1126 1270 1271 1127
f 1349 1270 1126 1252
f 1215 1128 1127 1271
f 1300 1144 1128 1215
f 1130 1104 1179 1304
f 1305 1236 1130 1304
f 1132 1240 1151 1001
f 1133 1184 1172 2504
f 1133 1242 1197 1184
f 1155 1051 1136 1190
f 1137 1094 1246 1267
f 1138 1316 1407 1247
f 1139 1140 1248 1268
f 1139 1159 2463 992
f 1267 1248 1140 1137
f 1141 1142 1269 1174
f 1143 1083 1210 1251
f 1233 1102 1145 1272
f 1145 1323 1324 1272
f 1146 1149 2460 2456
f 1148 1146 1147 2447
f 1147 2446 1255 1017
f 1147 1146 2456 2446
f 1148 1036 1149 1146
f 1149 1233 1354 2460
f 1150 1338 1339 1237
f 1151 1028 1152 1001
f 1154 1134 1276 1262
f 1155 1190 1278 1156
f 1156 1278 1312 1344
f 1334 1279 1158 1247
f 1159 1139 1268 1160
f 1194 1319 1161 1014
f 1319 1347 1162 1161
f 1163 1063 1164 1281
f 1193 1081 1163 1318
f 1164 1035 1178 1283
f 1164 1283 1350 1281
f 1213 1214 1165 1084
f 1254 1178 1165 1214
f 1166 1236 1337 1180
f 1168 1167 1285 1284
f 1169 1019 1180 1337
f 1169 1412 1273 1171
f 1169 1337 1423 1412
f 1170 1195 1237 1401
f 1170 1401 1285 1167
f 1173 1265 1297 1222
f 1175 1141 1174 1176
f 1391 1176 1174 1345
f 1194 1099 1177 1253
f 1177 1125 1231 1321
f 1351 1283 1178 1254
f 1179 1054 1235 1301
f 1355 1304 1179 1301
f 1258 1181 1182 1358
f 1309 1308 1182 904
f 1183 1109 1219 1239
f 1259 1197 1183 1239
f 1185 1113 1221 1059
f 1293 1310 1186 1061
f 1188 1207 1265 1173
f 1189 1206 1207 1116
f 1230 1278 1190 1076
f 1280 1118 1192 1315
f 1194 1253 1282 1319
f 1327 1241 1196 1260
f 1260 1111 1197 1242
f 1197 1259 1261 1184
f 1329 1199 1198 1403
f 1201 1045 1199 1329
f 1200 1153 1296 1404
f 1294 1295 1201 1329
f 1276 1134 1202 1462
f 1295 1462 1202 1201
f 1296 1204 1203 1380
f 1226 1277 1206 1189
f 1264 1265 1207 1206
f 1208 1162 1347 1409
f 1209 1160 1298 1317
f 1210 1209 1317 1346
f 1210 1346 1320 1251
f 1211 1393 1440 1336
f 1336 1232 1212 1211
f 1213 1352 1353 1299
f 1214 1213 1299 1322
f 1394 1254 1214 1322
f 1397 1300 1215 1396
f 1216 1065 1217 1234
f 1372 1373 1216 1234
f 1325 1234 1217 1303
f 1218 1375 1376 1238
f 1219 2443 1478 1306
f 1113 1220 1289 1221
f 1220 1151 1240 1289
f 1221 1289 1240 1132
f 1222 1297 1415 1223
f 1366 1365 1223 1415
f 1331 1332 1225 1244
f 1333 1266 1225 1332
f 1226 1191 1279 1311
f 1227 1228 1245 1093
f 1333 1343 1228 1266
f 1229 1312 1278 1230
f 1229 1313 1314 1405
f 1385 1312 1229 1405
f 1231 1144 1300 1441
f 1422 1321 1231 1441
f 1352 1129 1232 1507
f 1232 1336 1471 1507
f 1234 1325 1411 1372
f 1423 1337 1236 1305
f 1238 1477 1478 1108
f 1306 1307 1239 1219
f 1382 1263 1243 1224
f 1244 1263 1382 1331
f 1245 1228 1343 1387
f 1386 1246 1245 1387
f 1249 1250 1436 1435
f 1409 1408 1250 1208
f 1252 1122 1251 1320
f 1348 1349 1252 1320
f 1253 1177 1321 2469
f 1256 1257 1255 1371
f 1255 2446 1472 1371
f 1256 1302 1301 1235
f 1256 1235 2479 1257
f 1258 1358 1377 2453
f 2441 1056 1258 2453
f 1259 1239 1307 1341
f 1259 1341 1328 1261
f 1291 1327 1260 1242
f 1382 1224 1262 1504
f 1264 1206 1277 1342
f 1465 1330 1264 1342
f 1330 1297 1265 1264
f 1267 1246 1386 1406
f 1388 1248 1267 1406
f 1298 1160 1268 1418
f 1268 1248 1388 1418
f 1280 1469 1269 1142
f 1345 1174 1269 1368
f 1269 1469 1468 1368
f 1395 1271 1270 1410
f 1271 1395 1396 1215
f 1354 1233 1272 1442
f 1272 1324 1595 1442
f 1515 1274 1273 1562
f 1273 1412 1546 1562
f 1274 1515 1375 1218
f 1310 1364 1275 1186
f 1276 1463 1504 1262
f 1277 1226 1311 1383
f 1384 1311 1279 1334
f 1280 1315 1417 1469
f 1318 1163 1281 1389
f 1487 1389 1281 1350
f 1347 1319 1282 1369
f 2469 1438 1282 1253
f 1285 1399 1374 1284
f 1340 1326 1286 1288
f 1288 1286 1287 1479
f 1287 1286 1326 1356
f 1534 1479 1287 1357
f 1327 1291 1290 1088
f 1292 1200 1404 1582
f 1292 1582 1524 1480
f 1480 1310 1293 1292
f 1294 1413 1459 1414
f 1295 1294 1414 2486
f 1482 1462 1295 2486
f 1416 1415 1297 1330
f 1420 1419 1298 1418
f 1394 1322 1299 1353
f 1300 1397 1490 1441
f 1355 1301 1302 1444
f 1302 1256 1371 1512
f 1303 1284 1374 1325
f 1305 1304 1355 1514
f 1519 1341 1307 1429
f 1307 1306 1549 1429
f 1308 1359 1358 1182
f 1308 1446 1445 1359
f 1446 1308 1309 1448
f 1311 1384 1433 1383
f 2481 1314 1313 1052
f 1314 1435 1505 1405
f 1335 1553 1315 1192
f 1315 1553 1604 1417
f 1316 1193 1318 1437
f 1530 1407 1316 1437
f 1317 1485 1370 1346
f 1317 1298 1419 1485
f 1556 1437 1318 1389
f 1373 1398 1324 1323
f 1325 1374 1474 1411
f 1328 1521 1454 1431
f 1328 1341 1519 1521
f 1329 1403 1413 1294
f 1552 1416 1330 1465
f 1432 1332 1331 1569
f 1333 1332 1432 1466
f 1333 1466 1467 1343
f 1334 1247 1407 1484
f 1334 1484 1587 1384
f 1710 1471 1336 1440
f 1377 1378 1338 2453
f 1338 1378 1493 1339
f 2441 2453 1338 2442
f 1339 1400 1401 1237
f 1361 1326 1340 1379
f 1479 1424 1340 1288
f 1383 1483 1342 1277
f 1586 1465 1342 1483
f 1385 1335 1344 1312
f 1486 1392 1345 1368
f 1348 1320 1346 1370
f 1347 1369 1421 1409
f 1541 1531 1348 1370
f 1410 1270 1349 1439
f 1349 1348 1531 1439
f 1351 1470 1350 1283
f 1351 1254 1394 1728
f 1608 1470 1351 1728
f 1352 1507 1508 1353
f 1543 2460 1354 1443
f 1357 1287 1356 1360
f 1361 1360 1356 1326
f 1357 2440 1580 1534
f 1402 1377 1358 1359
f 1517 1402 1359 1445
f 2507 1447 1518 1363
f 2440 1357 2507 1362
f 1425 1426 1361 1379
f 1447 1360 1361 1426
f 1362 2507 1363 1563
f 1362 1700 1580 2440
f 1699 1700 1362 1563
f 1363 1427 1429 1549
f 1364 1310 1480 1498
f 1365 1366 1367 1381
f 1365 1381 1380 1203
f 1366 1415 1416 1464
f 1367 1366 1464 1527
f 1367 1763 1635 1381
f 1368 1468 1588 1486
f 1369 1282 1438 1488
f 1371 1472 1473 1512
f 1578 1492 1372 1411
f 1492 1398 1373 1372
f 2450 1216 1373 1323
f 1476 1474 1374 1399
f 1375 1625 1626 1376
f 1477 1238 1376 1626
f 1494 1378 1377 1402
f 1516 1493 1378 1494
f 1379 1340 1424 2500
f 1446 1425 1379 2500
f 1404 1296 1380 1502
f 1502 1380 1381 1635
f 1526 1570 1382 1504
f 1382 1570 1569 1331
f 1538 1433 1384 1587
f 1385 1405 1505 1529
f 1385 2506 1553 1335
f 1387 1343 1467 1528
f 1539 1386 1387 1528
f 1388 1406 1554 1540
f 1606 1556 1389 1487
f 1390 1506 1440 1393
f 1390 1392 1489 1506
f 1392 1390 1391 1345
f 1393 1120 1391 1390
f 1394 1353 1508 1728
f 1396 1395 1532 1559
f 1577 1397 1396 1559
f 1398 1596 1595 1324
f 1399 1285 1401 1400
f 1475 1476 1399 1400
f 1400 1339 1493 1475
f 1548 1494 1402 1517
f 1403 1198 1431 1454
f 1404 1502 1501 1582
f 1406 1386 1539 1554
f 1636 1484 1407 1530
f 1408 1409 1421 1555
f 1436 1250 1408 1605
f 1532 1395 1410 1558
f 1610 1578 1411 1474
f 1412 1423 1533 1546
f 1451 1496 2501 1497
f 1454 1497 1413 1403
f 1414 1499 1500 2486
f 1600 1464 1416 1552
f 1417 1573 1468 1469
f 1418 1388 1540 1420
f 1590 1485 1419 1575
f 1420 1574 1575 1419
f 1420 1540 1674 1574
f 1421 1369 1488 1557
f 1422 1441 1490 1592
f 1622 1623 1422 1592
f 2469 1321 1422 1623
f 1423 1305 1514 1533
f 1449 1450 1426 1425
f 1427 1363 1518 1646
f 1427 1646 1645 1428
f 1429 1427 1428 1519
f 1453 1452 1428 1645
f 1521 1519 1428 1452
f 1430 1364 1498 1536
f 1571 1572 1432 1569
f 1483 1383 1433 1603
f 1435 1436 1434 1505
f 1434 1664 1529 1505
f 1605 1664 1434 1436
f 1435 1314 2481 1249
f 1437 1556 1589 1530
f 1438 1620 1619 1488
f 1623 1620 1438 2469
f 1439 1591 1558 1410
f 1621 1591 1439 1531
f 1727 1710 1440 1506
f 1443 1354 1442 1509
f 1443 1509 1511 1560
f 1544 1543 1443 1560
f 1444 1302 1512 1513
f 1514 1355 1444 1545
f 2500 1424 1535 1599
f 1627 1517 1445 1599
f 1446 1448 1449 1425
f 1447 1426 1450 1564
f 1648 1518 1447 1564
f 1448 982 1520 1449
f 1495 1450 1449 1520
f 1450 1495 1550 1564
f 1452 1453 1451 1497
f 1451 1453 1612 1650
f 1632 1496 1451 1650
f 1759 1612 1453 1645
f 1455 1460 1459 2501
f 1455 2501 1496 1456
f 1457 1455 1456 1458
f 1581 1458 1456 1614
f 1632 1614 1456 1496
f 1460 1455 1457 1461
f 1457 1458 1481 1461
f 1458 1581 1615 1481
f 1459 1460 1499 1414
f 1537 1499 1460 1461
f 1616 1537 1461 1481
f 1463 1276 1462 1482
f 1525 1503 1463 1482
f 1464 1600 1721 1527
f 1466 1432 1572 1602
f 1617 1467 1466 1602
f 1637 1588 1468 1573
f 1487 1350 1470 1725
f 1678 1576 1471 1710
f 1473 1472 1491 1542
f 1513 1512 1473 1640
f 1641 1640 1473 1542
f 1476 1475 1547 1579
f 1476 1579 1610 1474
f 1478 1477 2499 1306
f 1479 1534 1535 1424
f 1480 1524 1522 1498
f 1482 2486 1500 1525
f 1703 1586 1483 1603
f 1484 1636 1724 1587
f 1485 1590 1541 1370
f 1489 1392 1486 1653
f 1486 1588 1665 1653
f 1489 1653 1654 1607
f 1577 1679 1490 1397
f 1666 1592 1490 1679
f 2446 2456 1491 1472
f 2460 1543 1491 2456
f 1492 1656 1596 1398
f 1547 1475 1493 1516
f 1494 1548 1611 1516
f 1566 1550 1495 1523
f 1497 1454 1521 1452
f 1498 1522 1523 1536
f 1499 1537 1567 1500
f 1524 1582 1501 1633
f 1501 1502 1635 1651
f 1504 1463 1503 1526
f 1506 1489 1607 1727
f 1576 1508 1507 1471
f 1608 1728 1508 1576
f 1509 1442 1595 1510
f 1511 1509 1510 1561
f 1513 1657 1545 1444
f 1514 1545 1597 1533
f 1515 1643 1625 1375
f 1515 1562 1642 1643
f 1517 1627 1628 1548
f 1518 1648 1647 1646
f 1523 1495 1520 1536
f 1523 1522 1551 1613
f 1565 1566 1523 1613
f 1524 1633 1551 1522
f 1525 1500 1567 2482
f 1583 1503 1525 2482
f 1526 1503 1583 1584
f 1526 1584 1585 1570
f 1719 1720 1527 1721
f 1763 1367 1527 1720
f 1617 1694 1528 1467
f 1662 1539 1528 1694
f 1604 1553 2506 2476
f 1745 1744 1529 1664
f 2506 1744 1853 2476
f 1695 1636 1530 1589
f 1655 1621 1531 1541
f 1532 1558 1677 1593
f 1624 1546 1533 1597
f 1535 1534 1580 1629
f 1634 1567 1537 1616
f 1603 1433 1538 1742
f 1540 1554 1663 1674
f 1542 1491 1543 1544
f 1544 1560 1609 1696
f 1544 1696 1641 1542
f 1545 1657 1681 1597
f 1611 1598 1547 1516
f 1688 1611 1548 1628
f 1563 1363 1549 1631
f 2499 1477 1626 1671
f 1672 1631 2499 1671
f 1550 1649 1648 1564
f 1716 1649 1550 1566
f 1552 1465 1586 1601
f 1552 1601 1702 1600
f 1554 1539 1662 1663
f 1557 1675 1555 1421
f 1605 1408 1555 1618
f 1652 1618 1555 1675
f 1619 1638 1557 1488
f 1559 1532 1593 1639
f 1712 1577 1559 1639
f 1560 1511 1561 1609
f 1594 1667 1561 1510
f 1561 1667 1713 1609
f 1562 1546 1624 1642
f 1563 1631 1672 1699
f 1716 1566 1565 1825
f 1565 1718 1777 1825
f 1567 1634 1660 2482
f 1569 1570 1568 1571
f 1585 1661 1568 1570
f 1571 1568 1661 1692
f 1571 1692 1722 1572
f 1693 1602 1572 1722
f 1604 1778 1573 1417
f 1705 1637 1573 1778
f 1707 1575 1574 1766
f 1574 1674 1787 1766
f 1676 1590 1575 1707
f 1751 1608 1576 1678
f 1656 1492 1578 1668
f 1578 1610 1669 1668
f 1579 1547 1598 1658
f 1686 1629 1580 1687
f 1660 1659 1583 2482
f 1584 1583 1659 1701
f 1691 1585 1584 1701
f 1765 1661 1585 1691
f 1704 1538 1587 1724
f 1802 1665 1588 1637
f 1589 1556 1606 1706
f 1767 1695 1589 1706
f 1655 1541 1590 1676
f 1677 1558 1591 1726
f 1729 1622 1592 1666
f 1593 1754 1753 1639
f 1595 1596 1594 1510
f 1594 1596 1656 1680
f 1715 1624 1597 1681
f 1670 1658 1598 1682
f 1688 1682 1598 1611
f 1599 1535 1630 1627
f 1601 1586 1703 1785
f 1601 1785 1816 1702
f 1723 1617 1602 1693
f 1603 1742 1743 1703
f 1779 1778 1604 2476
f 1606 1487 1725 1750
f 1788 1706 1606 1750
f 1711 1727 1607 1790
f 1608 1751 1725 1470
f 1697 1696 1609 1713
f 1610 1579 1658 1669
f 1760 1650 1612 1782
f 1613 1551 1673 1690
f 1613 1690 1718 1565
f 1614 1632 1717 1761
f 1737 1581 1614 1761
f 1616 1481 1615 1738
f 1737 1827 1615 1581
f 1664 1605 1618 1745
f 1618 1652 1746 1745
f 1805 1638 1619 1709
f 1620 1623 1622 1708
f 1620 1708 1709 1619
f 1621 1752 1726 1591
f 1789 1752 1621 1655
f 1625 1684 1671 1626
f 1627 1630 1644 1628
f 1630 1535 1629 1689
f 1629 1686 1776 1689
f 1797 1644 1630 1689
f 1651 1762 1633 1501
f 1633 1762 1673 1551
f 1634 1616 1738 1840
f 1634 1840 1739 1660
f 1801 1724 1636 1695
f 1675 1557 1638 1858
f 1657 1513 1640 1755
f 2474 1755 1640 1641
f 1641 1696 1697 2474
f 1683 1643 1642 1731
f 1642 1624 1715 1731
f 1643 1683 1684 1625
f 1644 1757 1688 1628
f 1645 1646 1647 1759
f 1647 1648 1649 1758
f 1649 1716 1736 1758
f 1650 1760 1717 1632
f 1651 1635 1763 1828
f 1784 1762 1651 1828
f 1652 1749 1748 1746
f 1653 1665 1803 1654
f 1654 1791 1790 1607
f 1739 1740 1659 1660
f 1662 1694 1786 1799
f 1662 1799 1800 1663
f 1663 1800 1787 1674
f 1666 1679 1768 1821
f 1680 1714 1667 1594
f 1680 1656 1668 1756
f 1668 1669 1730 1756
f 1669 1658 1670 1730
f 1670 1682 1772 1780
f 1671 1684 1698 1672
f 1672 1698 1734 1699
f 1673 1849 1869 1690
f 1749 1652 1675 1858
f 1676 1804 1789 1655
f 1844 1804 1676 1707
f 1677 1820 1754 1593
f 1677 1726 1833 1820
f 1679 1577 1712 1768
f 1681 1657 1755 1771
f 1681 1771 1795 1715
f 1698 1684 1683 1812
f 1683 1731 1732 1773
f 1683 1773 1733 1812
f 1685 1686 1687 1781
f 1775 1774 1685 2497
f 1774 1776 1686 1685
f 1700 1735 1687 1580
f 1688 1757 1772 1682
f 1689 1776 1813 1797
f 1837 1718 1690 1869
f 1691 1701 1741 1815
f 1692 1661 1765 1817
f 1693 1722 1818 1841
f 1723 1786 1694 1617
f 1697 1769 1770 2474
f 1733 1734 1698 1812
f 1734 1735 1700 1699
f 1701 1659 1740 1741
f 1721 1600 1702 1764
f 1702 1816 1872 1764
f 1703 1743 1852 1785
f 1704 1798 1742 1538
f 1856 1798 1704 1832
f 1705 1778 1779 2471
f 1705 1900 1802 1637
f 1707 1766 1843 1844
f 1708 1622 1729 1920
f 1891 1805 1709 1892
f 1709 1708 1920 1892
f 1711 1678 1710 1727
f 1751 1678 1711 1806
f 1867 1806 1711 1790
f 1753 1880 1712 1639
f 1862 1768 1712 1880
f 1714 1793 1713 1667
f 1769 1697 1713 1793
f 1714 1680 1756 1792
f 1715 1795 1732 1731
f 1824 1736 1716 1825
f 1717 1760 1836 1864
f 1829 1720 1719 1830
f 1885 1830 1719 1831
f 1831 1719 1721 1764
f 1817 1818 1722 1692
f 1841 1874 1723 1693
f 1724 1801 1832 1704
f 1726 1752 1861 1833
f 1729 1666 1821 1943
f 1729 1943 1921 1920
f 1730 1670 1780 1808
f 1733 1773 1732 1823
f 1794 1807 1732 1795
f 1781 1734 1733 1823
f 1781 1687 1735 1734
f 1783 1758 1736 1846
f 1881 1846 1736 1824
f 1827 1839 1738 1615
f 1738 1839 1838 1840
f 1739 1840 1838 1814
f 1740 1739 1814 1850
f 1740 1850 1851 1741
f 1886 1815 1741 1851
f 1842 1743 1742 1798
f 1854 1853 1744 1747
f 1745 1746 1747 1744
f 1747 1746 1748 1888
f 2462 2498 1888 1889
f 1939 1854 2498 1976
f 1889 1888 1748 1899
f 1749 1858 1859 1918
f 1749 1918 1899 1748
f 1751 1806 1750 1725
f 1867 1788 1750 1806
f 1752 1789 1860 1861
f 1753 1754 1834 1880
f 1770 1771 1755 2474
f 1808 1792 1756 1730
f 1796 1772 1757 1813
f 1757 1644 1797 1813
f 1759 1647 1758 1783
f 1759 1783 1782 1612
f 1826 1737 1761 1866
f 1864 1866 1761 1717
f 1849 1673 1762 1784
f 1829 1828 1763 1720
f 1764 1872 1873 1831
f 1765 1691 1815 1817
f 1767 1706 1788 1857
f 1767 1819 1801 1695
f 1794 1770 1769 1835
f 1771 1770 1794 1795
f 1813 1776 1774 1796
f 1796 1774 1775 1811
f 1775 1809 1810 1811
f 1777 1718 1837 1868
f 1895 1865 1777 1868
f 1853 1855 1779 2476
f 1780 1772 1796 1811
f 1809 1775 2497 1807
f 1836 1760 1782 1863
f 1782 1783 1846 1863
f 1784 1828 1829 1882
f 1784 1882 1883 1849
f 1786 1723 1874 1887
f 1843 1766 1787 1877
f 1789 1804 1890 1860
f 1791 1654 1803 1878
f 1867 1790 1791 1893
f 1791 1878 1919 1893
f 1793 1714 1792 1822
f 1793 1822 1835 1769
f 1905 1842 1798 1856
f 1799 1786 1887 1906
f 1898 1800 1799 1906
f 1877 1787 1800 1898
f 1803 1665 1802 1845
f 1802 1900 1901 1845
f 1805 1859 1858 1638
f 1823 1732 1807 2497
f 1807 1794 1835 1809
f 1811 1810 1808 1780
f 1822 1792 1808 1810
f 1809 1835 1822 1810
f 1814 1838 1871 1884
f 1904 1817 1815 1886
f 1852 1937 1816 1785
f 1925 1872 1816 1937
f 1914 1818 1817 1904
f 1832 1801 1819 1876
f 1819 1767 1857 1969
f 1834 1754 1820 1879
f 2470 1879 1820 1833
f 1821 1768 1862 1894
f 1821 1894 1922 1943
f 1825 1777 1865 1824
f 1827 1737 1826 1848
f 1910 1909 1826 1866
f 1827 1848 1847 1839
f 1829 1830 1896 1882
f 1833 1861 1933 2470
f 1862 1880 1834 1879
f 1836 1863 1907 1908
f 1838 1839 1847 1871
f 1841 1818 1914 1927
f 1842 1897 1852 1743
f 1915 1897 1842 1905
f 1931 1844 1843 1942
f 1843 1877 1952 1942
f 1890 1804 1844 1931
f 1845 1902 1878 1803
f 1907 1863 1846 1881
f 1913 1871 1847 1924
f 1848 1826 1909 1923
f 1848 1923 1924 1847
f 1870 1849 1883 1934
f 1850 1814 1884 1935
f 1851 1850 1935 1957
f 1948 1886 1851 1957
f 1938 1937 1852 1897
f 1855 1853 1854 1875
f 1854 1939 1940 1875
f 1966 1928 1855 1875
f 1855 1928 2471 1779
f 1876 1916 1856 1832
f 1941 1905 1856 1916
f 1857 1788 1867 1893
f 1857 1893 1919 1969
f 1891 1903 1859 1805
f 1917 1918 1859 1903
f 1933 1861 1860 1958
f 1864 1836 1908 1972
f 1864 1972 1910 1866
f 1881 1824 1865 1959
f 1911 1945 1868 1837
f 1869 1849 1870 1912
f 1869 1912 1911 1837
f 1872 1925 1926 1873
f 1885 1831 1873 1936
f 1927 1985 1874 1841
f 1876 1819 1969 2001
f 1988 1916 1876 2001
f 1878 1902 1953 1919
f 1894 1862 1879 2470
f 1896 1955 1883 1882
f 1884 1871 1913 1964
f 1884 1964 1965 1935
f 1896 1830 1885 1947
f 1886 1948 1996 1904
f 1887 1874 1985 1999
f 1987 1906 1887 1999
f 1950 1951 1889 1899
f 1958 1860 1890 2004
f 1892 1920 1921 1932
f 1892 1932 1954 1891
f 1933 1922 1894 2470
f 1895 1868 1945 1960
f 1959 1865 1895 1981
f 1895 1960 2058 1981
f 1956 1955 1896 1947
f 1949 1938 1897 1915
f 1952 1877 1898 1978
f 1917 1950 1899 1918
f 1900 1705 2471 1930
f 1901 1968 1902 1845
f 1901 1900 1930 1967
f 1954 1970 1903 1891
f 1904 1996 1997 1914
f 1906 1987 1978 1898
f 1907 1881 1959 1980
f 1980 1973 1908 1907
f 1909 1910 1961 1962
f 1946 1992 1911 1912
f 1912 1870 1934 1946
f 1913 1993 2028 1964
f 1915 1905 1941 1998
f 1986 1949 1915 1998
f 1917 1903 1970 2002
f 2001 1969 1919 1953
f 1923 1909 1962 1991
f 1975 1924 1923 1991
f 1993 1913 1924 1975
f 1936 1873 1926 1984
f 1926 1925 1937 1938
f 1926 1938 1949 1984
f 1927 1914 1997 2043
f 1928 1929 1930 2471
f 1966 2013 1929 1928
f 1967 1930 1929 2000
f 1931 2003 2004 1890
f 1944 1971 1932 1921
f 1933 1958 1944 1922
f 1934 1883 1955 1963
f 1934 1963 1982 1946
f 1947 1885 1936 1983
f 1966 1875 1940 1977
f 1940 1939 1976 2014
f 2008 1977 1940 2014
f 1941 1916 1988 2038
f 1941 2038 2050 1998
f 2003 1931 1942 2019
f 1942 1952 2018 2019
f 1943 1922 1944 1921
f 2004 1971 1944 1958
f 1945 1911 1992 2009
f 2027 1992 1946 1982
f 1947 1983 1995 1956
f 1948 2031 2081 1996
f 1949 1986 2011 1984
f 2002 2020 1950 1917
f 1950 2020 2034 1951
f 1951 2005 2462 1889
f 2035 2018 1952 1978
f 1953 1902 1968 1989
f 1953 1989 1988 2001
f 1954 1932 1971 2021
f 1963 1955 1956 1994
f 1957 1935 1965 2010
f 2031 1948 1957 2010
f 2025 1980 1959 1981
f 1960 1945 2009 2037
f 1961 1910 1972 1974
f 1961 1974 2023 2022
f 1962 1961 2022 2040
f 2076 1991 1962 2040
f 1964 2028 2029 1965
f 1968 1901 1967 1979
f 1967 2000 2017 1979
f 1990 1989 1968 1979
f 1970 1954 2021 2039
f 2036 2002 1970 2039
f 1973 1974 1972 1908
f 1974 1973 2026 2023
f 2051 1993 1975 2090
f 1976 2005 2006 2014
f 2462 2005 1976 2498
f 1977 2012 2013 1966
f 2012 1977 2044 2033
f 1978 1987 2046 2035
f 2026 1973 1980 2025
f 1982 1963 1994 2030
f 1982 2030 2052 2027
f 1983 1936 1984 2032
f 1984 2011 2024 2032
f 1985 1927 2043 2056
f 1985 2056 2045 1999
f 2050 2063 1986 1998
f 2055 2011 1986 2063
f 2038 1988 1989 1990
f 2017 2049 1990 1979
f 1990 2049 2050 2038
f 1991 2076 2090 1975
f 1992 2027 2077 2009
f 2078 2028 1993 2051
f 1994 1956 1995 2079
f 2061 2030 1994 2079
f 1995 1983 2032 2041
f 2080 2079 1995 2041
f 1997 1996 2081 2083
f 1999 2045 2046 1987
f 2013 2016 2000 1929
f 2064 2020 2002 2036
f 2021 1971 2004 2003
f 2005 1951 2034 2006
f 2047 2007 2496 2071
f 2014 2006 2007 2008
f 2007 2047 2015 2008
f 2044 1977 2008 2015
f 2010 1965 2029 2053
f 2010 2053 2054 2031
f 2016 2013 2012 2033
f 2017 2000 2016 2048
f 2016 2033 2057 2048
f 2021 2003 2019 2039
f 2019 2018 2036 2039
f 2020 2064 2074 2034
f 2023 2059 2060 2022
f 2024 2042 2041 2032
f 2024 2011 2055 2062
f 2058 2066 2025 1981
f 2065 2026 2025 2066
f 2059 2023 2026 2065
f 2029 2028 2078 2091
f 2102 2052 2030 2061
f 2031 2054 2068 2143
f 2073 2496 2034 2074
f 2036 2018 2035 2064
f 2058 1960 2037 2096
f 2077 2111 2037 2009
f 2040 2022 2060 2076
f 2092 2080 2041 2042
f 2042 2024 2062 2082
f 2043 1997 2083 2087
f 2112 2069 2495 2117
f 2494 2015 2047 2085
f 2057 2033 2044 2094
f 2045 2073 2074 2046
f 2084 2073 2045 2056
f 2064 2035 2046 2074
f 2047 2071 2070 2085
f 2049 2017 2048 2072
f 2049 2072 2063 2050
f 2077 2027 2052 2086
f 2053 2029 2091 2101
f 2101 2103 2054 2053
f 2072 2089 2055 2063
f 2088 2062 2055 2089
f 2069 2084 2056 2495
f 2072 2048 2057 2089
f 2058 2096 2100 2066
f 2060 2059 2067 2075
f 2093 2082 2062 2088
f 2065 2095 2067 2059
f 2065 2066 2100 2095
f 2068 2054 2103 2487
f 2069 2070 2071 2084
f 2070 2107 2108 2085
f 2070 2069 2112 2107
f 2071 2496 2073 2084
f 2076 2060 2075 2090
f 2075 2067 2109 2110
f 2114 2090 2075 2110
f 2078 2051 2113 2127
f 2078 2127 2126 2091
f 2097 2061 2079 2080
f 2143 2119 2081 2031
f 2092 2042 2082 2116
f 2083 2081 2119 2120
f 2085 2108 2099 2494
f 2086 2052 2102 2130
f 2111 2077 2086 2137
f 2117 2495 2087 2123
f 2087 2083 2120 2123
f 2094 2088 2089 2057
f 2090 2114 2113 2051
f 2091 2126 2121 2101
f 2097 2080 2092 2122
f 2093 2088 2094 2098
f 2116 2082 2093 2134
f 2093 2098 2132 2134
f 2099 2098 2094 2494
f 2109 2067 2095 2124
f 2111 2118 2096 2037
f 2125 2100 2096 2118
f 2102 2061 2097 2131
f 2132 2098 2099 2135
f 2099 2108 2140 2135
f 2124 2095 2100 2125
f 2103 2101 2121 2128
f 2103 2128 2129 2487
f 2105 2106 2104 2115
f 2143 2068 2104 2144
f 2487 2115 2104 2068
f 2105 2115 2138 2165
f 2106 2105 2133 2152
f 2106 2175 2144 2104
f 2193 2175 2106 2152
f 2139 2140 2108 2107
f 2136 2114 2110 2145
f 2110 2109 2151 2145
f 2111 2137 2164 2118
f 2139 2107 2112 2150
f 2136 2127 2113 2114
f 2129 2138 2115 2487
f 2122 2092 2116 2142
f 2149 2142 2116 2134
f 2117 2155 2150 2112
f 2119 2143 2144 2147
f 2120 2119 2147 2148
f 2156 2128 2121 2492
f 2131 2097 2122 2141
f 2166 2141 2122 2142
f 2148 2153 2123 2120
f 2123 2153 2155 2117
f 2151 2109 2124 2168
f 2125 2118 2164 2172
f 2168 2124 2125 2467
f 2126 2127 2136 2146
f 2126 2146 2492 2121
f 2129 2128 2156 2158
f 2157 2138 2129 2158
f 2130 2102 2131 2160
f 2137 2086 2130 2159
f 2170 2159 2130 2160
f 2132 2154 2149 2134
f 2163 2154 2132 2135
f 2133 2161 2162 2152
f 2165 2161 2133 2105
f 2135 2140 2171 2163
f 2137 2159 2169 2164
f 2140 2139 2167 2171
f 2160 2131 2141 2179
f 2186 2179 2141 2166
f 2146 2136 2145 2491
f 2145 2151 2173 2491
f 2146 2491 2488 2492
f 2175 2174 2147 2144
f 2182 2148 2147 2174
f 2183 2153 2148 2182
f 2166 2142 2149 2180
f 2167 2139 2150 2213
f 2154 2184 2180 2149
f 2155 2153 2183 2187
f 2155 2187 2213 2150
f 2488 2176 2156 2492
f 2165 2138 2157 2177
f 2157 2158 2181 2190
f 2158 2156 2176 2181
f 2185 2162 2161 2178
f 2162 2192 2193 2152
f 2184 2154 2163 2195
f 2178 2161 2165 2177
f 2166 2180 2200 2186
f 2191 2171 2167 2201
f 2173 2151 2168 2196
f 2197 2196 2168 2467
f 2170 2221 2169 2159
f 2172 2164 2169 2209
f 2240 2230 2169 2221
f 2170 2160 2179 2204
f 2235 2221 2170 2204
f 2195 2163 2171 2191
f 2208 2207 2172 2209
f 2467 2125 2172 2207
f 2188 2189 2173 2196
f 2173 2189 2488 2491
f 2210 2174 2175 2193
f 2189 2198 2176 2488
f 2177 2157 2190 2178
f 2216 2185 2178 2190
f 2198 2199 2181 2176
f 2194 2183 2182 2211
f 2182 2174 2210 2211
f 2183 2194 2222 2187
f 2200 2180 2184 2212
f 2185 2205 2192 2162
f 2204 2179 2186 2241
f 2242 2241 2186 2200
f 2197 2206 2188 2196
f 2188 2226 2198 2189
f 2225 2226 2188 2206
f 2190 2181 2199 2202
f 2190 2202 2203 2216
f 2290 2244 2191 2201
f 2236 2210 2193 2192
f 2194 2248 2256 2222
f 2212 2184 2195 2217
f 2195 2191 2244 2217
f 2199 2198 2226 2215
f 2213 2214 2201 2167
f 2201 2214 2257 2290
f 2202 2199 2215 2220
f 2229 2203 2202 2220
f 2216 2246 2205 2185
f 2205 2237 2236 2192
f 2219 2218 2206 2197
f 2223 2219 2207 2208
f 2208 2209 2231 2251
f 2208 2251 2250 2223
f 2230 2231 2209 2169
f 2211 2210 2236 2247
f 2211 2247 2248 2194
f 2212 2243 2242 2200
f 2249 2243 2212 2217
f 2213 2187 2222 2214
f 2232 2220 2215 2228
f 2216 2233 2234 2246
f 2216 2203 2239 2233
f 2225 2206 2218 2228
f 2219 2223 2224 2218
f 2467 2207 2219 2197
f 2220 2232 2263 2229
f 2257 2214 2222 2256
f 2245 2224 2223 2250
f 2227 2218 2224 2238
f 2228 2215 2226 2225
f 2228 2218 2227 2232
f 2227 2238 2262 2259
f 2239 2203 2229 2255
f 2264 2252 2230 2240
f 2231 2230 2252 2254
f 2273 2251 2231 2254
f 2232 2227 2259 2263
f 2233 2239 2253 2234
f 2294 2270 2234 2253
f 2240 2221 2235 2260
f 2235 2204 2241 2261
f 2235 2261 2277 2260
f 2246 2265 2237 2205
f 2247 2236 2237 2266
f 2238 2224 2245 2258
f 2286 2264 2240 2260
f 2272 2261 2241 2242
f 2243 2249 2283 2242
f 2249 2217 2244 2284
f 2244 2290 2291 2284
f 2285 2258 2245 2250
f 2270 2265 2246 2234
f 2247 2266 2282 2248
f 2248 2282 2287 2256
f 2249 2314 2317 2283
f 2251 2273 2285 2250
f 2253 2239 2267 2268
f 2254 2252 2269 2274
f 2255 2229 2263 2279
f 2267 2239 2255 2280
f 2292 2280 2255 2279
f 2256 2287 2298 2288
f 2257 2256 2288 2289
f 2262 2238 2258 2306
f 2303 2277 2261 2272
f 2278 2259 2262 2299
f 2263 2259 2278 2279
f 2269 2252 2264 2271
f 2275 2276 2264 2286
f 2266 2237 2265 2281
f 2274 2269 2267 2280
f 2268 2267 2269 2271
f 2294 2253 2268 2295
f 2296 2295 2268 2271
f 2281 2265 2270 2302
f 2270 2294 2313 2316
f 2271 2264 2276 2296
f 2272 2242 2283 2317
f 2329 2303 2272 2317
f 2273 2254 2274 2293
f 2275 2286 2326 2337
f 2275 2337 2350 2310
f 2310 2311 2276 2275
f 2286 2260 2277 2326
f 2292 2279 2278 2299
f 2293 2274 2280 2292
f 2282 2266 2281 2297
f 2281 2302 2301 2297
f 2309 2312 2284 2291
f 2284 2312 2314 2249
f 2285 2273 2293 2300
f 2306 2258 2285 2300
f 2297 2321 2287 2282
f 2315 2298 2287 2321
f 2288 2308 2304 2289
f 2288 2298 2305 2308
f 2290 2257 2289 2291
f 2291 2289 2304 2309
f 2299 2300 2293 2292
f 2294 2295 2322 2313
f 2296 2276 2311 2331
f 2296 2331 2322 2295
f 2297 2301 2307 2321
f 2299 2262 2306 2300
f 2338 2307 2301 2324
f 2323 2302 2270 2316
f 2302 2323 2324 2301
f 2326 2277 2303 2332
f 2303 2329 2334 2332
f 2319 2318 2304 2308
f 2304 2318 2320 2309
f 2315 2328 2305 2298
f 2305 2328 2319 2308
f 2339 2335 2307 2338
f 2325 2312 2309 2320
f 2343 2340 2310 2350
f 2340 2330 2311 2310
f 2313 2322 2333 2342
f 2325 2327 2314 2312
f 2324 2323 2316 2351
f 2316 2313 2342 2347
f 2316 2347 2353 2351
f 2317 2314 2327 2329
f 2345 2320 2318 2349
f 2349 2318 2319 2358
f 2483 2358 2319 2328
f 2335 2315 2321 2307
f 2345 2348 2325 2320
f 2334 2329 2327 2341
f 2348 2341 2327 2325
f 2328 2315 2335 2483
f 2331 2311 2330 2336
f 2333 2322 2331 2336
f 2332 2477 2337 2326
f 2333 2336 2352 2354
f 2334 2377 2477 2332
f 2335 2339 2344 2483
f 2336 2330 2346 2352
f 2369 2350 2337 2477
f 2338 2324 2351 2370
f 2375 2339 2338 2370
f 2346 2330 2340 2357
f 2377 2334 2341 2364
f 2342 2333 2354 2355
f 2342 2355 2356 2347
f 2357 2340 2343 2362
f 2344 2365 2358 2483
f 2344 2339 2375 2380
f 2345 2349 2359 2366
f 2345 2366 2363 2348
f 2360 2361 2346 2357
f 2348 2363 2364 2341
f 2373 2343 2350 2369
f 2374 2370 2351 2353
f 2352 2346 2361 2368
f 2356 2386 2353 2347
f 2391 2374 2353 2386
f 2354 2352 2368 2367
f 2355 2354 2367 2371
f 2355 2371 2372 2356
f 2359 2349 2358 2365
f 2359 2365 2388 2393
f 2389 2366 2359 2393
f 2362 2397 2360 2357
f 2390 2381 2361 2360
f 2362 2343 2373 2376
f 2362 2376 2394 2397
f 2364 2379 2378 2377
f 2401 2379 2364 2363
f 2365 2344 2380 2388
f 2401 2363 2366 2389
f 2367 2368 2382 2384
f 2368 2361 2381 2382
f 2377 2378 2369 2477
f 2392 2373 2369 2378
f 2387 2375 2370 2374
f 2384 2383 2371 2367
f 2385 2372 2371 2383
f 2386 2356 2372 2396
f 2376 2373 2392 2398
f 2378 2379 2400 2392
f 2380 2375 2387 2395
f 2404 2382 2381 2407
f 2382 2404 2413 2384
f 2384 2413 2417 2383
f 2396 2372 2385 2420
f 2385 2383 2417 2418
f 2391 2405 2387 2374
f 2388 2380 2395 2406
f 2402 2393 2388 2406
f 2402 2403 2389 2393
f 2390 2360 2397 2408
f 2407 2381 2390 2410
f 2419 2410 2390 2408
f 2391 2386 2396 2415
f 2391 2415 2416 2405
f 2394 2376 2398 2409
f 2395 2387 2405 2426
f 2395 2426 2429 2406
f 2414 2408 2397 2394
f 2400 2411 2398 2392
f 2399 2403 2484 2412
f 2401 2399 2400 2379
f 2400 2399 2412 2411
f 2401 2389 2403 2399
f 2466 2484 2403 2402
f 2404 2407 2410 2413
f 2406 2429 2466 2402
f 2408 2414 2424 2419
f 2411 2422 2409 2398
f 2414 2394 2409 2468
f 2410 2419 2417 2413
f 2412 2421 2422 2411
f 2427 2424 2414 2468
f 2415 2396 2420 2425
f 2425 2436 2416 2415
f 2426 2405 2416 2428
f 2418 2417 2419 2424
f 2418 2423 2420 2385
f 2439 2433 2421 2489
f 2484 2489 2421 2412
f 2433 2434 2422 2421
f 2468 2409 2422 2434
f 2423 2418 2424 2427
f 2425 2420 2423 2490
f 2423 2427 2430 2490
f 2432 2436 2425 2490
f 2427 2468 2434 2430
f 2429 2426 2428 2435
f 2428 2416 2436 2438
f 2430 2431 2432 2490
f 2434 2433 2431 2430
f 2439 2432 2431 2433
f 2438 2437 2435 2428
f 2466 2429 2435 2437
f 2439 2438 2436 2432
f 2439 2489 2437 2438
f 2449 118 2465 104
f 2489 2484 2466 2437
f 2493 879 738 955
f 2494 2094 2044 2015
f 2495 2056 2043 2087
f 2496 2007 2006 2034
f 2497 1685 1781 1823
f 2498 1854 1747 1888
f 2499 1631 1549 1306
f 2500 1599 1445 1446
f 2501 1459 1413 1497
f 2502 998 1055 1274
f 2503 1071 1006 1058
f 2504 987 922 1005
f 2505 521 690 716
f 2506 1385 1529 1744
f 2507 1357 1360 1447
f 2508 830 797 810
